supplier_name,supplier_address,supplier_address_is_internal_manufacturing_site
3M Co.,"1030 Lake Road, Medina, Ohio, USA",True
3M Co.,"1400 Perimeter Road, Greenville, South Carolina, USA",True
3M Co.,"1400 State Docks Road, Decatur, Alabama, USA",True
3M Co.,"1425 Stokke Parkway, Menomonie, Wisconsin, USA",True
3M Co.,"235 Zhongyuan Road, Suzhou, Jiangsu, China",True
3M Co.,"3406 East Pleasant Street, Knoxville, Iowa, USA",True
3M Co.,"5500 Oaza Osanagi, Higashine, Yamagata, Japan",True
3M Co.,"577 Keumeui-ri, Jangan-myon, Hwaseong, Gyeonggi-Do, Korea",True
3M Co.,"905 Adams Street, Hutchinson, Minnesota, USA",True
3M Co.,"915 Adams Street, Hutchinson, Minnesota, USA",True
3M Co.,"No. 312, Section 1, Huan Dong Road, Sinshih Township, Tainan, Taiwan",True
AAC Technologies Holdings Inc.,"Nanyou Tianan Industry Park, Dengliang Road, Nanshan District, Shenzhen, Guangdong, China",True
AAC Technologies Holdings Inc.,"No. 8 Fengqi Road, High Technology Industry Development Area, Wujin District, Changzhou, Jiang- su, China",True
Acbel Polytech Inc.,"No. 17-28 Hongyeh Road, Hongyeh Industrial District, Tangxia Town, Dongguan, Guangdong, China",True
Advanced Semiconductor Engineering Inc.,"26 Chin Third Road, Nantze Export Processing Zone, Kaohsiung, Taiwan",True
Advanced Semiconductor Engineering Inc.,"No. 1558, Zhang Dong Road, Zhangjiang High Technology Park, Shanghai, China",True
Advanced Semiconductor Engineering Inc.,"No. 501, Longgui Road, Jinqiao Export Processing South Zone, Pudong New Area, Shanghai, China",True
AKM Semiconductor Inc.,"1-15, Nakashima-cho, Nobeoka, Miyazaki, Japan",True
AKM Semiconductor Inc.,"13-2 Sekinoiri Sumie, Ishinomaki, Miyazaki, Japan",True
AKM Semiconductor Inc.,"5-4960, Nakagawara-cho, Nobeoka, Miyazaki, Japan",True
AKM Semiconductor Inc.,"No. 112, Zhoghe Street, Zhubei City, Hisnchu, Taiwan",True
Alps Electric Co. Ltd.,"230, Shibue, Wakuya, Tohda-gun, Japan",True
Alps Electric Co. Ltd.,"41-25, Yanagi-machi, Noda Onahama, Iwaki, Fukushima, Japan",True
Alps Electric Co. Ltd.,"6-1 Nishida, Kakuda, Miyagi, Japan",True
Alps Electric Co. Ltd.,"6-3-36, Furukawa Nakazato, Osaka, Japan",True
Alps Electric Co. Ltd.,"No. 5, Xingchuang 4 Road, Singapore Industrial Park, Wuxi, Jiangsu, China",True
Alps Electric Co. Ltd.,"P.T. 10643, Nilai Industrial Estate, Nilai, Negeri Sembilan, Malaysia",True
Alps Electric Co. Ltd.,"Xinxing Industry Zone, Xingfa South Street, Wushaliwu, Changan Town, Dongguan, Guangdong, China",True
Amphenol Corp.,"Block AM2/AM3, The 4th Industrial District of Industrial Headquarters, Tangwei Community, Gong- ming Town, Guangming New District, Shenzhen, Guangdong, China",True
Amphenol Corp.,"No. 689 Shennan Road, Xin Zhuang Industry Park, Shanghai, China",True
Amphenol Corp.,"No. 98-5, Rd 19 Hangzhou Economic and Technological Development Zone, Hangzhou, Zhejiang, China",True
Analog Devices Inc.,"Bay F-1, Raheen Industrial Estate, Limerick, Ireland",True
Analog Devices Inc.,"Gateway Business Park, Javalera, General Trias, Cavite, Philippines",True
Analog Devices Inc.,"NW Parker Street, Camas, Washington, USA",True
Artesyn Embedded Technologies,"1st Building, Emerson Industrial Park, FengTang Road, Fuyong, Bao’an District, Shenzhen, Guang- dong, China",True
Artesyn Embedded Technologies,"Main Avenue Corner Road J, Cavite Export Processing Zone, Rosario, Cavite, Philippines",True
Artesyn Embedded Technologies,"No. 68, Baocheng E. Road, Fucheng Town, Luoding, YunFu, Guangdong, China",True
Asahi Glass Co Ltd.,"1-8 Machiikedai, Koriyama, Fukushima, Japan",True
Asahi Glass Co Ltd.,"3583-5 Kawashiri, Yoshida-cho, Haibara-gun, Shizuoka, Japan",True
Asahi Glass Co Ltd.,"5-6-1, Umei, Takasago, Hyogo, Japan",True
Asahi Glass Co Ltd.,"SAHA Group Industrial Park Lamphun 99/40 Moo 5, T. Pasak, Muang Lamphun, Lamphun, Thailand",True
Asia Vital Components Ltd.,"Lane 8, Rongjiang Road, Songjiang Export Processing Zone, Shanghai, China",True
Asia Vital Components Ltd.,"West Industry Park, Xinyang Industrial Zone, Shajing Town, Bao’an District, Shenzhen, Guangdong, China",True
AT&S,"No. 5000 Jindu Road, Shanghai, China",True
AU Optronics Corp.,"No. 398 Suhong Middle Road, Suzhou Industrial Park, Suzhou, Jiangsu, China",True
Austria Microsystems (AMS AG),"No. 2 Makiling Drive, Carmelray Industrial Park II, Brgy Milagrosa, Calamba, Laguna, Philippines",True
Austria Microsystems (AMS AG),"Tobelbaderstrasse 30, Unterpremstaetten, Styria, Austria",True
Avago Technologies Ltd.,"110 American Parkway NE, Allentown, Pennsylvania, USA",True
Avago Technologies Ltd.,"4380 Ziegler Road, Ft. Collins, Colorado, USA",True
Biel Crystal Manufactory Ltd.,"Biel Crystal Industrial Park, Tangjing Village, Baishi, Qiuchang Town, Huiyang District, Huizhou, Guangdong, China",True
Brilliant International Group Ltd.,"Building 1, Linyuan Investment Park, Intersection of Yanhe Road and Shenzhou Road, Xinzheng City, Zhengzhou, Henan, China",True
Brilliant International Group Ltd.,"Juwei Bridge, Gongming Street, No. 1 Industrial District, Guangming New District, Shenzhen, Guangdong, China",True
Broadway Industrial Group Ltd.,"Block 34, East Juhuang Industrial Park, Dasan Village, Dasan Community, Guanlan Community Office, Bao’an District, Shenzhen, Guangdong, China",True
Broadway Industrial Group Ltd.,"No. 8 Guxu Road, Pudong New District, Shanghai, China",True
Bumchun Precision Company Ltd.,"No. 675-3/688-12, Seonggok-dong, Danwon-gu, Ansan, Gyeonggi-Do, Korea",True
BYD Company Ltd.,"No. 1 Baoping Road, Baolong Industrial Town, Longgang District, Shenzhen, Guangdong, China",True
BYD Company Ltd.,"Xiangshui River, Economic Development Zone, Daya Bay, Huizhou, Guangdong, China",True
Career Technology (Mfg.) Co. Ltd.,"248 Bo’ai Street, Shulin District, Taipei, Taiwan",True
Career Technology (Mfg.) Co. Ltd.,"No. 18 Jin Sha Jiang South Road, Kunshan, Jiangsu, China",True
Catcher Technology Co. Ltd.,"No. 107 Changyang Street, Suzhou Industrial Park, Suzhou, Jiangsu, China",True
Catcher Technology Co. Ltd.,"No. 111 Changyang Street, Suzhou Industrial District, Suzhou, Jiangsu, China",True
Catcher Technology Co. Ltd.,"No. 21 Gucheng Road, Suzhou-Suqian Industrial Park, Suqian, Jiangsu, China",True
Catcher Technology Co. Ltd.,"No. 398 Ren’ai Street, Yungkang District, Tainan, Taiwan",True
Catcher Technology Co. Ltd.,"North of Zhenxing Road and West of Wuling South Road, Taizhou Economic Development Zone, Taizhou, Jiangsu, China",True
Cathay Tat Ming Precision Metal Products Co. Ltd.,"No. 2, Section A, Bai’gong’ao Industrial Zone, Xikeng Xinwei Sector, Fumin, Guanlan, Bao’an, Shen- zhen, Guangdong, China",True
Cathay Tat Ming Precision Metal Products Co. Ltd.,"No. 5 Furong 3rd Road, Xishan Economic Development Zone, Wuxi, Jiangsu, China",True
Cheng Loong Corp.,"399 Xiupu Road, Kangqiao Industrial Zone, Pudong, Shanghai, China",True
Cheng Loong Corp.,"Building 3, Linyuan Investment Park, Intersection of Yanhe Road and Shenzhou Road, Xinzheng City, Xinzheng, Henan, China",True
Cheng Loong Corp.,"Dongyie Street, Industry District, Houjie Town, Dongguan, Guangdong, China",True
Cheng Loong Corp.,"No. 48 Teng Feng 3rd Road, Chengdu, Sichuan, China",True
Cheng Loong Corp.,"No. 98 Guilin Road, B-Zone, Kunshan Export Processing Zone, Kunshan, Jiangsu, China",True
Cheng Loong Corp.,"The Fourth Road, Yueyuan Industrial Estate, Huangjiang Town, Dongguan, Guangdong, China",True
Cheng Uei Precision Industry Co. Ltd. (Foxlink),"Industrial Avenue, Dongkeng Town, Dongguan, Guangdong, China",True
Cheng Uei Precision Industry Co. Ltd. (Foxlink),"Junwang Industrial Park, Dongkeng Town, Dongguan, Guangdong, China",True
Cheng Uei Precision Industry Co. Ltd. (Foxlink),"No. 1 Xinfeng Street, Changlong Village, Huangjiang Town, Dongguan, Guangdong, China",True
Cheng Uei Precision Industry Co. Ltd. (Foxlink),"No. 6 Zhengwei West Road, Jinxi Town, Kunshan, Jiangsu, China",True
Cheng Uei Precision Industry Co. Ltd. (Foxlink),"Zhengwei Industrial Park, Dongkeng Town, Dongguan, Guangdong, China",True
China Circuit Technology Corp.,"Dongxia Road North, Shantou, Guangdong, China",True
China Circuit Technology Corp.,"Wanji Industrial District, Longhu District, Shantou, Guangdong, China",True
China Jinlong Holding Group,"Jinlong Science Park, Jin Gang Avenue, Baixiang Town, Yueqing, Wenzhou, Zhejiang, China",True
CN Innovations Holdings Ltd.,"Block 34, Dongjing Industry Workshop, Loufeng East Park, Suzhou Industrial Park, Suzhou, Jiangsu, China",True
CN Innovations Holdings Ltd.,"No. 58 Zhenxing Road, Dagang Town, Nansha District, Guangzhou, Guangdong, China",True
CN Innovations Holdings Ltd.,"Yayuan Road, Bantian Sub-district, Longgang District, Shenzhen, Guangdong, China",True
Coilcraft Inc.,"Bac Chu Lai Industrial Park, Chu Lai Open Economic Zone. Tam Hiep, Nui Thanh, Quang Nam, Vietnam",True
Coilcraft Inc.,"Lot SD37-38 Bintan Industrial Estate, Lobam, Bintan, Indonesia",True
Coilcraft Inc.,"No. 5, Guangtonnan Road, Dongfeng West Street, Weinan, Shanxi, China",True
Coilcraft Inc.,"Putian Village, Xiyang Town, Meixian City, Meizhou, Guangdong, China",True
Compeq Manufacturing Co. Ltd.,"No. 168 Huguang Road, Huzhen Town, Boluo County, Huizhou, Guangdong, China",True
Compeq Manufacturing Co. Ltd.,"No. 91 Lane 814, Tahsin Road, Shinchuang Village, Luchu Hsiang, Taoyuan, Taiwan",True
Coretronic Corp.,"No. 18 Yinlong Road, Jiasheng Industrial Park, Jiangning Economic and Technological Development Zone, Nanjing, Jiangsu, China",True
Coretronic Corp.,"No. 2 Guoyuan 1st Road, East Zone, Guangzhou Economic and Technological Development District, Guangzhou, Guangdong, China",True
Corning Inc.,"680 East Office Street, Harrodsburg, Kentucky, USA",True
Corning Inc.,"No. 33, Section 2, Haundong Road, Tainan Scientific Industrial Park, Tainan, Taiwan",True
Cosmosupplylab Ltd.,"Guangchang North Road , Xiansha Industrial Zone, Gaobu Town, Dongguan, Guangdong, China",True
Cosmosupplylab Ltd.,"Guanhuang Middle Road, Xiansha Industrial Zone, Gaobu Town, Dongguan, Guangdong, China",True
Cowell E Holdings Inc.,"Jinghe Industrial Area, Hengkeng Village, Liaobu Town, Dongguan, Guangdong, China",True
Cowell E Holdings Inc.,"No. 1 Songbo Road, Huanan Industrial Area, Liaobu Town, Dongguan, Guangdong, China",True
Coxon Precise Industrial Co. Ltd.,"Zhenan 1st Road, 6th industrial District, Shangsha Villlage, Chang’an Town, Dongguan, Guangdong, China",True
CymMetrik Enterprise Co. Ltd.,"8th Factory, Industrial Park of Weishi County, Kaifeng, Henan, China",True
CymMetrik Enterprise Co. Ltd.,"No. 168 Chuyang Road, Lujia Town, East Economic and Technical Development Zone, Kunshan, Jiangsu, China",True
CymMetrik Enterprise,"Xinhua Road, Xingwei Community, Fuyong Street, Bao’an, Shenzhen, Guangdong, China",True
Dai-Ichi Seiko Co. Ltd.,"12 Hokuryo-cho, Matsue, Shimane, Japan",True
Dai-Ichi Seiko Co. Ltd.,"2455-1 Takata, Chikuzen-machi, Asakura-gun, Fukuoka, Japan",True
Dai-Ichi Seiko Co. Ltd.,"55 Yishun Industrial Park A, Singapore",True
Dai-Ichi Seiko Co. Ltd.,"863 Mitsusawa, Ogori, Fukuoka, Japan",True
Dai-Ichi Seiko Co. Ltd.,"Block 2 Woodlands Sector 1, #01-24, Woodlands Spectrum 1, Singapore",True
Daikin Industries Ltd.,"1-1, Nishi-Hitotsuya, Settsu, Osaka, Japan",True
Daikin Industries Ltd.,"2252 State Docks Road, Decatur, Alabama, USA",True
Darfon Electronics Corp.,"21 Industry 2nd Road, Tainan, Taiwan",True
Darfon Electronics Corp.,"No. 99 Zhuyuan Road, New District, Suzhou, Jiangsu, China",True
Delta Group,"111 Moo 9, Wellgrow Industrial Estate, Bangna-Trad Road, Tambol Bangwua, Bang Pakong, Chacho- engsao, Thailand",True
Delta Group,"1688 Jiangxing East Road, Wujiang Economic Development Zone, Wujiang, Jiangsu, China",True
Delta Group,"Chenzhou Export Processing Zone, Bailutang Town, Suxian District, Chenzhou, Hunan, China",True
Delta Group,"No. 168 Kat City Road, Wujiang City Economic Development Zone, Suzhou, Jiangsu, China",True
Delta Group,"No. 688 Xiuhu West Road, Songling Town, Suzhou, Jiangsu, China",True
Delta Group,"No. 15 Coastal Way, Tianjin Port Free Trade Zone, Tianjin, China",True
Diodes Inc.,"777 N.W. Blue Parkway, Suite 350 , Lee’s Summit, Missouri, USA",True
Diodes Inc.,"No. 8 Kexin Road, West Chengdu High Technology Zone, Chengdu, China",True
Diodes Inc.,"No. 999 Chenchun Road, Xinqiao Town, Songjiang District, Shanghai, China",True
Diodes Inc.,"Plant No. 1, Lane 18, Sanzhuang Road, Songjiang Export Zone, Shanghai, China",True
Diodes Inc.,"Waldweg 7, Neuhaus am Rennweg, Thuringia, Germany",True
Diodes Inc.,"Zetex Technology Park, Chadderton, Oldham, United Kingdom",True
DSM Engineering Plastics Co. Ltd.,"Eerste Bokslootweg 17, Emmen, Netherlands",True
DSM Engineering Plastics Co. Ltd.,"No. 18 Pan Longshan Road, Jiangyin, Jiangsu, China",True
DSM Engineering Plastics Co. Ltd.,"Postbus 1077, Geleen, Netherlands",True
Dynacast International Inc.,"6 2nd Chin Bee Road, Singapore",True
Dynacast International Inc.,"Lot 511, Jln Rambutan, Batamindo Industrial Park, Muka Kunning, Batam, Indonesia",True
Dynacast International Inc.,"No. 8 Dongbao Road, Songjiang Industrial Zone, Shanghai, China",True
Dynacast International Inc.,"No. 88 Qiufu Road, Second Fumin Industrial Park, Dalang Town, Dongguan, Guangdong, China",True
Dynapack International Technology Corp.,"No. 8 Huagang Road, Wujiang Economic and Technological Development Zone, Suzhou, Jiangsu, China",True
E-Litecom Co. Ltd.,"1st Standard Workshop, No. 117 Meiyu Road, Wuxi, Jiangsu, China",True
E-Litecom Co. Ltd.,"Hengkeng Sanhe Industry Complex, Liaobu Town, Dongguan, Guangdong, China",True
Eaton,"Xinming Industrial Estate, Changan Town, Dongguan, Guangdong, China",True
ECCO Leather B.V.,"Chennan Industiral Zone, Tong’an, Xiamen, Fujian, China",True
ECCO Leather B.V.,"Vierbundersweg 11 5107 NL Dongen, Dongen, Netherlands",True
Ellington Electronics Technology Group,"Gaoping Chemical & Industrial Zone, Sanjiao Town, Zhongshan, Guangdong, China",True
Evergreen Screws Group,"Keyuan Road Tangxia Town, Dongguan, Guangdong, China",True
Evergreen Screws Group,"No. 789 Xingxian Road, Jiading District, Shanghai, China",True
Fairchild Semiconductor International,"1 Sutong Road, China-Singapore Suzhou Industrial Park, Suzhou, Jiangsu, China",True
Fairchild Semiconductor International,"333 Western Avenue, South Portland, Maine, USA",True
Fairchild Semiconductor International,"3333 West 9000 South, West Jordan, Utah, USA",True
Fairchild Semiconductor International,"420-711 82-3, Dodang-Dong, Wonmi-District, Bucheon, Gyeonggi-Do, Korea",True
Fairchild Semiconductor International,"Bayan Lepas Free Industrial Zone, Penang, Malaysia",True
Fairchild Semiconductor International,"Crestwood Industrial Park, 125 Crestwood Road, MountainTop, Pennsylvania, USA",True
Fairchild Semiconductor International,"Mactan Export Zone I, Lapulapu, Cebu, Philippines",True
Fastway Creation,"No. 111 Shaxin Road, Tangxia Town, Dongguan, Guangdong, China",True
Flexium Interconnect Inc.,"No. 1399 Hanpu Road, High Technology Industrial Park, Kunshan, Jiangsu, China",True
Flexium Interconnect Inc.,"No. 23 Juguang 1st Street, Tafa Industrial Park, Daliao District, Kaohsiung, Taiwan",True
Flextronics Sales and Marketing (A-P) Ltd.,"12455 Research Boulevard, Austin, Texas, USA",True
Flextronics Sales and Marketing (A-P) Ltd.,"6380 East Holmes Road, Memphis, Tennessee, USA",True
Flextronics Sales and Marketing (A-P) Ltd.,"Mechanical Industrial Zone, Shida Road, Dalingshan Town, Dongguan, Guangdong, China",True
Fortune Grand Enterprise Co. Ltd.,"2nd Industrial Park of Dajingtou, Dalang Town, Dongguan, Guangdong, China",True
Fortune Grand Enterprise Co. Ltd.,"No. 35, Chunqiu Road, Panyang Industrial Zone Huangda Town, Xiangcheng District, Suzhou, Jiang- su, China",True
Foster Electric Co. Ltd.,"Building 7, No. 1 Zongbu Road, Nanning New High Technology Industrial Zone, Nanning, Guangxi, China",True
Foster Electric Co. Ltd.,"Dalong Street, Jiushuikeng Village, Panyu District, Guangzhou, Guangdong, China No. 1, Street 11, VSIP Bac Ninh, Tu Son, Bac Ninh, Vietnam",True
Foster Electric Co. Ltd.,"No. 20, Street 5, Vietnam Singapore Industrial Park II (VSIP II), Binh Duong Industry Service-Urban Complex, Thu Dau Mot District, Ho Chi Minh, Binh Duong, Vietnam",True
Foster Electric Co. Ltd.,"No. 8, 11 Ke Yuan Dong Road, Nanning New High Technology Industrial Zone, Nanning, Guangxi, China",True
Foster Electric Co. Ltd.,"Street No. 7, Hoa Khanh Industrial Zone, Lien Chieu District, Da Nang, Vietnam",True
Foster Electric Co. Ltd.,"Workshop No. 1, Candy and Food Industrial Zone, Chongzuo City Industrial Zone, Chongzuo, Guangxi, China",True
Foster Electric Co. Ltd.,"37 Street, Dinh Tram Industry Zone, Viet Yen, Bac Giang, Vietnam",True
Foxconn Interconnect Technology (FIT),"Baoyuan Technology Area, Dashuikeng, GuanLan Town, Longhua New Distict, Shenzhen, Guang- dong, China",True
Foxconn Interconnect Technology (FIT),"Foxconn Longhua Technology Park, #2 2nd Donghuan Road, 10th Yousong Industrial District, Long- hua Town, Bao’an, Shenzhen, Guangdong, China",True
Foxconn Interconnect Technology (FIT),"No. 168 Fushikang Road, Huai’an Economic Development Zone, Huai’an, Jiangsu, China",True
Foxconn Interconnect Technology (FIT),"No. 889 Fushikang Road, High Technology Industry Park, Kunshan Development Zone, Kunshan, Jiangsu, China",True
Foxconn Interconnect Technology (FIT),"No. 99 Jiannan Road, Fengcheng, Jiangxi, China",True
Foxconn Interconnect Technology (FIT),"1/80 Moo 5, Rojana Industrial Park, Rojana Road, Tambol Kanham, Amphur U-Thai Pranakorn Sri, Ayutthaya, Thailand",True
Fujikura Ltd.,"101/2 Moo 20, Navanakorn Industrial Zone, Phaholyothin Road, Klongluang District, Khlong Luang, Pathum Thani, Thailand",True
Fujikura Ltd.,"55/25 Moo 13 Navanakorn Industrial Estate, Paholyothin Road, Klong Nueng, Khlong Luang, Pathum Thani, Thailand",True
Fujikura Ltd.,"612/12, Moo 9, Kabinburi Industrial Zone,",True
Fujikura Ltd.,"Tambol Nongki, Amphur Kabinburi, Prachin Buri, Thailand",True
Fujikura Ltd.,"Building 56A, No. 199 Ri Ying North Road Waigaoqiao Free Trade Zone, Shanghai, China",True
Fujikura Ltd.,"Building A & B, No. 1411 Yecheng Road, Jiading Industrial Zone, Shanghai, China",True
Furukawa,"No. 169, Putian Road, Weiting Town, Suzhou Industrial Zone, Suzhou, Jiangsu, China",True
Genius Electronic Optical Co. Ltd.,"No. 8 Chuangxin Road, Torch High Technology Industrial Zone, Xiamen, Fujian, China",True
GoerTek Inc.,"No. 268 Dongfang Road, High Technology Industrial Development Zone, Weifang, Shandong, China",True
GoerTek Inc.,"West Changan South Road and North Tengfei Road, Yishui County, Linyi, Shandong, China",True
Gruppo Dani S.P.A.,"Via 4° strada, 20 Z.I., Arzignano (VI), Italy",True
Hama Naka Shoukin Industry Co. Ltd.,"No. 1 Gaoding Road, Kunshan Development Zone, Kunshan, Jiangsu, China",True
Hanson Metal Factory Ltd.,"Ganpi Village, Zhenlong Town, Huiyang District, Huizhou, Guangdong, China",True
Heesung Electronics Ltd.,"No. 30, Xingyou Road, Nanjing Economic & Technology Development Zone, Nanjing, Jiangsu, China",True
Henkel Corporation,"Kirchheimer Street 9, Bopfingan, Germany",True
Henkel Corporation,"No. 90 Zhujiang Road , Yantai Economic Technological Development Zone, Yantai, Shandong, China",True
Henkel Corporation,"Quilinchini Avenue 9, Sabana Grande, Puerto Rico",True
Heptagon Advanced Micro-Optics Pte Ltd.,"26 Woodlands Loop, Level 1, Singapore",True
HI-P International Ltd.,"Building 3 & 4, No. 955, Jinhai Road, Shanghai, China",True
HI-P International Ltd.,"No. 96 Jinwen Road, Zhuqiao Airport Industrial Zone, Pudong New Area, Shanghai, China",True
HI-P International Ltd.,"No. 38 Jinliang Road, Pudong, Shanghai, China",True
HI-P International Ltd.,"No. 79 Jinwen Road, Zhuqiao Airport Industrial Zone, Pudong New Area, Shanghai, China",True
Hirose Electric Co. Ltd.,"1-23, Yoshinosawa, Shikura-cho, Iwaki, Fukushima, Japan",True
Hirose Electric Co. Ltd.,"1261-10, Jeongwang-dong, Siheung, Gyeonggi-Do, Korea",True
Hirose Electric Co. Ltd.,"191-1 Oaza Urushikawa Aza Tamatsubaki, Goshogawara, Japan",True
Hirose Electric Co. Ltd.,"2-31-1 Toyomane, Yamadacho, Shimoheigun, Miyako, Iwate, Japan",True
Hirose Electric Co. Ltd.,"21-2 Kubota Dai-2 Chiwariaza Akamae, Miyako, Iwate, Japan",True
Hirose Electric Co. Ltd.,"3215, Shimoizawa, Fuchumachi , Toyama, Japan",True
Hirose Electric Co. Ltd.,"415 Funahashi, Funahashi Ville, Nakaniwa County, Toyama, Japan",True
Hirose Electric Co. Ltd.,"46-3 Aza Nishi, Niida, Tagajou, Miyagi, Japan",True
Hirose Electric Co. Ltd.,"509-36, Soejima, Fuchumachi, Toyama, Japan",True
Hirose Electric Co. Ltd.,"55-1, Jiwari, Tagusari, Miyako, Iwate, Japan",True
Hirose Electric Co. Ltd.,"63-25 Nishiura Aisaricho, Kitakami, Japan",True
Hon Hai Precision Industry Co. Ltd. (Foxconn),"10, Nanke 9th, Shanhua, Tainan, Taiwan",True
Hon Hai Precision Industry Co. Ltd. (Foxconn),"Avenida Caminho de Goiás 100, Rodovia Anhanguera km 66, Bairro dos Fernandes, Bloco B, Sao Paulo, Brazil",True
Hon Hai Precision Industry Co. Ltd. (Foxconn),"Foxconn Guanlan Technology Park B District, DaSan Community, Guanlan Town, Bao’an, Shenzhen, Guangdong, China",True
Hon Hai Precision Industry Co. Ltd. (Foxconn),"Foxconn Guanlan Technology Park North Site, Dashuikeng Village, Guanlan Town, Bao’an, Shenzhen, Guangdong, China",True
Hon Hai Precision Industry Co. Ltd. (Foxconn),"Foxconn Longhua Technology Park, #2 2nd Donghuan Road, 10th Yousong Industrial District, Long- hua Town, Bao’an, Shenzhen, Guangdong, China",True
Hon Hai Precision Industry Co. Ltd. (Foxconn),"General Bonded Zone, East Zhenxing Road, Zhengzhou Airport, Zhengzhou, Henan, China",True
Hon Hai Precision Industry Co. Ltd. (Foxconn),"Hongguan Science and Technology Park, Dashuikeng Village, Shenzhen, Guangdong, China",True
Hon Hai Precision Industry Co. Ltd. (Foxconn),"HuLing Industry Park, HuangHe River Road, Jiyuan, Henan, China",True
Hon Hai Precision Industry Co. Ltd. (Foxconn),"Longhe Technology Industry Zone, Southern Construction Road, Anci District, Langfang, Hebei, China",True
Hon Hai Precision Industry Co. Ltd. (Foxconn),"No. 1 East Changhong Road, Cheng Xi Industrial Zone, Foshan, Guangdong, China",True
Hon Hai Precision Industry Co. Ltd. (Foxconn),"No. 1 Longfei Street Economy Technology Development Zone, Taiyuan, Shanxi, China",True
Hon Hai Precision Industry Co. Ltd. (Foxconn),"No. 1216 Lanhua Road, Jincheng Economic and Technology Development Zone, Jincheng, Shanxi, China",True
Hon Hai Precision Industry Co. Ltd. (Foxconn),"No. 168 Hezuo Road, Chengdu High Technology Western Park, Chengdu, Sichuan, China",True
Hon Hai Precision Industry Co. Ltd. (Foxconn),"No. 1925, Nanle Road, Songjiang Export Processing Zone, Shanghai, China",True
Hon Hai Precision Industry Co. Ltd. (Foxconn),"No. 299 Nansong Road, Yushan Town, Kunshan, Jiangsu, China",True
Hon Hai Precision Industry Co. Ltd. (Foxconn),"No. 35 Huabao North Road, Cheng Xi Industrial Zone, Foshan, Guangdong, China",True
Hon Hai Precision Industry Co. Ltd. (Foxconn),"No. 55 Guilin Road, Kunshan Comprehensive Bonded B Zone, Kunshan, Jiangsu, China",True
Hon Hai Precision Industry Co. Ltd. (Foxconn),"No. 6, Sec. 2, Huandong Road, Xinshi District, Tainan, Taiwan",True
Hon Hai Precision Industry Co. Ltd. (Foxconn),"No. 7 Workshop, No.9 Avenue, Zhengzhou Economic and Technological Development Zone, Zheng- zhou, Henan, China",True
Hon Hai Precision Industry Co. Ltd. (Foxconn),"No. 888 Hezuo Road, Comprehensive Bonded Zone, Chengdu High Technology Western Park, Chengdu, Sichuan, China",True
Hon Hai Precision Industry Co. Ltd. (Foxconn),"No. 9 Jianye East Road, High Technology Development Zone, Zhongshan, Guangdong, China",True
Hon Hai Precision Industry Co. Ltd. (Foxconn),"No. 99 Fuxing Avenue, Xitang Town, Jiashan, Zhejiang, China",True
IBIDEN Co. Ltd.,"No. 1049, Jalan Perindustrian Bukit Minyak 8, Kawsan Perindustrian Bukit Minyak, Penang, Malaysia",True
Infineon Technologies AG,"Free Trade Zone, Jalan Batu Berendam, Batu Berendam, Malacca, Malaysia",True
Infineon Technologies AG,"Königsbrücker Str. 180, Dresden, Saxony, Germany",True
Infineon Technologies AG,"Lot 10 & 11, Jalan High Technology 7, Industrial Zone Phase II, Kulim High Technology Park, Kulim, Kedah, Malaysia",True
Infineon Technologies AG,"Siemensstraße 2, Villach, Ã–sterreich, Austria",True
Infineon Technologies AG,"Wernerwerkstr 2, Regensburg, Bavaria, Germany",True
Intel Corp.,"109 Huaihe East Road, Dalian, Liaoning, China",True
Intel Corp.,"2 Tzoran Street, New Industrial Area, Kiryat Gat, Israel",True
Intel Corp.,"2501 NW 229th Avenue, Hillsboro, Oregon, USA",True
Intel Corp.,"4500 South Dobson Road, Chandler, Arizona, USA",True
Intel Corp.,"Bayan Lepas Industrial Park IV, Penang, Malaysia",True
Intel Corp.,"Collinstown Industrial Park, Leixlip, Ireland",True
Intel Corp.,"Lot I2, Saigon High Technology Park, District 9, Ho Chi Minh, Binh Duong, Vietnam",True
Intel Corp.,"No.8-1 Kexin Road, West High-Tech Zone, Chengdu, Sichuan, China",True
Intel Corp.,"Reed Road, Hudson, Massachusetts, USA",True
Intel Corp.,"Rio Rancho Blvd SE, Rio Rancho, New Mexico, USA",True
Interflex Co. Ltd.,"600 Sunggok-dong, Danwon-gu, Ansan, Gyeonggi-Do, Korea",True
Interflex Co. Ltd.,"930, Gosaek-dong, Gwonseon-gu, Suwon, Gyeonggi-Do, Korea",True
Intramedia Inc.,"189 Tangzhuang Road, Suzhou Industrial Park, Suzhou, Jiangsu, China",True
Intramedia Inc.,"No. 11 Haiyi Road, Chingtou Village, Chang’an Town, Dongguan, Guangdong, China",True
Inventec Corp.,"No. 789, Puxing Road, Minhang District, Shanghai, China",True
Jabil Circuit Inc.,"128 Juncheng Road, Guangzhou Economic and Technological Development Zone, Guangzhou, Guangdong, China",True
Jabil Circuit Inc.,"A2-A3-A4-A6, Minzhu Technology Zone, Jincheng Road, Shajing Street, Bao’an District, Shenzhen, Guangdong, China",True
Jabil Circuit Inc.,"Lot J9 & J10 Export Processing Zone, Wuxi, Jiangsu, China",True
Jabil Circuit Inc.,"No: 1199, Hulin Road, Huangpu District, Guangzhou, Guangdong, China",True
abil Circuit Inc.,"No. 1, Section 3, Chuangxin Road, Chongzhou Economic Development District, Chengdu, Sichuan, China",True
Jabil Circuit Inc.,"No. 21, Saidashiji Road, Xiqing Economic Development Zone, Tianjin, China",True
Jabil Circuit Inc.,"No. 7 Yangqing Road, Loufeng Demonstration Zone, Suzhou Industrial Park, Suzhou, Jiangsu, China",True
Jabil Circuit Inc.,"No. 84-2. Block B, National High Technology Industrial Development Zone, Wuxi, Jiangsu, China",True
Japan Aviation Electronics Industry Ltd.,"4102-6, Aza Takadaishinden, Oaza Izumida, Shinjo, Yamagata, Japan",True
Japan Aviation Electronics Industry Ltd.,"5-1, Oaza Seinofukuro 5-chome, Hirosaki, Aomori, Japan",True
Japan Display Inc.,"1-47, Iwauchi-machi, Nomi, Ishikawa, Japan",True
Japan Display Inc.,"26-2, Yamadasenden, Kawakita, Nomi-gun, Ishikawa, Japan",True
Japan Display Inc.,"3300 Hayano, Mobara, Chiba, Japan",True
Japan Display Inc.,"No. 1 Central Avenue, Area B, Kunshan Free Trade Zone, Kunshan, Jiangsu, China",True
Japan Display Inc.,"Xinyang Road Dengwu Village, Qiaotou Town, Dongguan, Guangdong, China",True
Jarllytec Co. Ltd.,"No. 13, Wugong 5th Road, Hsin Chung District, New Taipei City, Taipei, Taiwan",True
Jarllytec Co. Ltd.,"No. 639 Guangzhong Road Zhuanqiao Town, Minghang District, Shanghai, China",True
Knowles Corp.,"379 Middle Suhong Road, Suzhou Industrial Park, Suzhou, Jiangsu, China",True
Knowles Corp.,"No. 20 Tongji South Road, Beijing Economic-Technological Development Area, Beijing, China",True
Knowles Corp.,"Plot 104, Lebuhraya Kampung Jawa, Bayan Lepas Industrial Estate, Penang, Malaysia",True
Kyocera Group,"1-1 Kokubuyamashita-cho, Kokubu, Kagoshima, Japan",True
Kyocera Group,"1166-1 Hebimizo-cho, Higashiomi, Shiga, Japan",True
Kyocera Group,"1810 Taki-cho, Satsumasendai, Kagoshima, Japan",True
Kyocera Group,"3-1-11 Osachi Kohagi, Okaya-shi, Nagano, 394-8550 Japan, Okaya, Nagano, Japan",True
Kyocera Group,"3-Chome, 11-1 Kohagi, Osachi, Okaya, Nagano, Japan",True
Kyocera Group,"354-32, Hayakawa, Minami Uonuma, Niigata, Japan",True
Kyocera Group,"5850 Higashine-koh ohaza, Higashine-shi, Yamagata, Japan",True
Kyocera Group,"801 17th Avenue South, Myrtle Beach, South Carolina, USA",True
Kyocera Group,"Dvorakova 328, Lanskroun, Czech Republic",True
Kyocera Group,"No. 8 Jingci Road, New City District, Shilong Town, Dongguan, Guangdong, China",True
Kyocera Group,"Sokolovska 573, Uherske Hradiste, Czech Republic",True
Laird Technologies,"Building 1, Dejin Industrial Park, Fuyuanyi Road, Heping Community, Fuyong Town, Bao’an District, Shenzhen, Guangdong, China",True
Laird Technologies,"No. 28 Huanghe South Road, Kunshan Economic & Tech Development Zone, Kunshan, Jiangsu, China",True
Laird Technologies,"No. 398 Yuandian Road, Xinzhuang Industrial Zone, Shanghai, China",True
Laird Technologies,"No. 8 Pengfeng Road, Dakun Industrial Zone, Songjiang District, Shanghai, China",True
Largan Precision Co. Ltd.,"No. 11 Jingke Road, Nantun District, Taichung, Taiwan",True
Largan Precision Co. Ltd.,"No. 18 Tutong First Industrial District, Tutong, Changping, Dongguan, Guangdong, China",True
Lateral Solutions Pte Ltd.,"Block 1002. Jalan Bukit Merah #01-15, Singapore",True
Lateral Solutions Pte Ltd.,"Building 3, No. 158 Fengjiang Road, Suzhou, Jiangsu, China",True
Lateral Solutions Pte Ltd.,"No. 2 Senmiao Road, New Century Economic Area, Wuqing, Tianjin, China",True
Lateral Solutions Pte Ltd.,"No. 2 & 4, Jalan Gemilang 3, Kawasan Perindustrian Desa Cemerlang, Ulu Tiram, Johor, Malaysia",True
Lens One Technology,"Lens Technology Zone, Changsha National Biomedical Industrial Estate, Liuyang, Changsha, Hunan, China",True
Lens One Technology,"No. 99 Huangxing Road, Langli Town, Changsha, Hunan, China",True
LG Chem Ltd.,"599 Yongje-dong, Iksan, Jeollabuk-Do, Korea",True
LG Chem Ltd.,"8B Ochang Scientific Local Industrial Complex 1114-Namchon-ri Oksan-Myeon, Cheongwon-Gun, Cheungwon-Gun, Chungcheongbuk-Do, Korea",True
LG Chem Ltd.,"No. 17 Hengyi Road, Nanjing Economic & Technology Development Zone, Nanjing, Jiangsu, China",True
LG Chem Ltd.,"Ochang Technology Park, Oksan-myeon Nanchonri 1114-1, Chengwon Gun, Chungcheongbuk-Do, Korea",True
LG Display Co. Ltd.,"1007, Deoguen-ri, Wollong-myeon, Paju, Gyeonggi-Do, Korea",True
LG Display Co. Ltd.,"LG Display Complex 1, 235, 3 Gongdan 2 Ro, Gumi, Korea, Gumi, Gyeongsangbuk-do, Korea",True
LG Display Co. Ltd.,"No. 2 Beijing Middle Road, Development Zone, Yantai, Shandong, China",True
LG Display Co. Ltd.,"No. 40 Tianshan Road, Nanjing Economic & Technology Development Zone, Yantai, Shandong, China",True
LG Display Co. Ltd.,"No. 59 Hengfei Road, Nanjing Econmic & Technological Development Zone, Nanjing, Jiangsu, China",True
LG Display Co. Ltd.,"No. 59 Kaitai Road, Science City of Guangzhou, High Technology Industrial Development Zone, Guangzhou, Guangdong, China",True
LG Innotek Co. Ltd.,"154-6 SanHo-daero, Gumi, Gyeongsangbuk-do, Korea",True
LG Innotek Co. Ltd.,"221, Okgye 2 Gongdan-ro, Gumi, Gyeongsangbuk-do, Korea",True
LG Innotek Co. Ltd.,"50-9, Suchul-daero 7-gil, Gumi, Gyeongsangbuk-do, Korea",True
LG Innotek Co. Ltd.,"66, Suchul-daero, 9-gil, Gumi, Gyeongsangbuk-do, Korea",True
Linear Technology Corp.,"1630 McCarthy Boulevard, Milpitas, California, USA",True
Linear Technology Corp.,"4200 N.W. Pacific Rim Boulevard, Camas, Washington, USA",True
Linear Technology Corp.,"507 Yishun Industrial Park A, Singapore",True
Linear Technology Corp.,"Plot 21B, Phase 4, Bayan Lepas Free Industrial Zone, Bayan Lepas, Penang, Malaysia",True
Lite-On Technology Corp.,"59 Hong Jing Road, Eastern Section, GETDD, Guangzhou, Guangdong, China",True
Lite-On Technology Corp.,"Avenida Torquato Tapajos 7891, Tarumã, Manaus, Brazil",True
Lite-On Technology Corp.,"Block 8 & 9, Brightman Industrial Zone, Busha Road, Shenzhen, Guangdong, China",True
Lite-On Technology Corp.,"No 45 Zhujiang Road, New District, Wuxi, Jiangsu, China",True
Lite-On Technology Corp.,"No. 1 Zhen’an Road, Shangjiao Section, Chang’an Town, Dongguan, Guangdong, China",True
Lite-On Technology Corp.,"No. 11 Fuyuan Road, Wuqing Development Area, Tianjin, China",True
Lite-On Technology Corp.,"No. 8 Guangbao Road, Science City, Luogang Area, Guangzhou, Guangdong, China",True
Lite-On Technology Corp.,"No. 88 Yanghu Road, Wujin High Technology Industrial Development Zone, Changzhou, Jiangsu, China",True
Longwell Precision Co. Ltd.,"No. 19, Second Industry Road, Tangxiachong 2nd Industrial Park, Songgang Town, Shenzhen, Guangdong, China",True
Luen Fung Group,"No. 48, Ke Ji Road, Yuquan Industrial District South, Fenggang Town, Dongguan, Guangdong, China",True
Luen Fung Group,"No. 50, Ke Ji Road, Yuquan Industrial District South, Fenggang Town, Dongguan, Guangdong, China",True
LUXSHARE-ICT,"No. 1 Lvyin Road, Industrial Park, Ji’an, Jiangxi, China",True
LUXSHARE-ICT,"No. 158 Jinchang Road, Jinxi Town, Kunshan, Jiangsu, China",True
LUXSHARE-ICT,"No. 399 Baisheng Road, Jinxi Town,, Kunshan, Jiangsu, China",True
LUXSHARE-ICT,"No. 399 Jinchang Road, Jinxi Town, Kunshan, Jiangsu, China",True
LUXSHARE-ICT,"No. 8 Yongyang Road, National Economic & Technological Development Zone, Chuzhou, Anhui, China",True
Marian Inc.,"Building 3, 180 Huating Road, Chaohuilou Technology Industrial Park, Shenzhen, Guangdong, China",True
Maxim Integrated Products Inc.,"120 San Gabriel Drive, Sunnyvale, California, USA",True
Maxim Integrated Products Inc.,"14320 Southwest Jenkins Road, Beaverton, Oregon, USA",True
Maxim Integrated Products Inc.,"160 Rio Robles, San Jose, California, USA",True
Maxim Integrated Products Inc.,"3725 North 1st Street, San Jose, California, USA",True
Maxim Integrated Products Inc.,"4401 South Beltwood Parkway, Dallas, Texas, USA",True
Maxim Integrated Products Inc.,"700/114 Amata Nakorn Industrial Estate Moo 5 Tambon Klong Tamru, Muang District, Chonburi, Bangkok, Thailand",True
Maxim Integrated Products Inc.,"9651 Westover Hills Boulevard, San Antonio, Texas, USA",True
Maxim Integrated Products Inc.,"Gateway Business Park, Special Export Processing Zone, Baranggay Javalera, Gen Trias, Cavite, Philippines",True
Maxim Integrated Products Inc.,"Lot 39, Diaz Ave. Cor. 2nd Street, First Philippine Industrial Park, Tanauan, Batangas, Philippines",True
Merry Electronics Co. Ltd.,"No. 800 Kang Yuan Road, Xiang Cheng Economic Development Zone, Suzhou, Jiangsu, China",True
Micron Technology Inc.,"667 Fuhsing 3rd Road, Hwa-Ya Technology Park, Guishan Township, Taoyuan, Taiwan",True
Micron Technology Inc.,"7-10, Yoshikawa Kogyo Danchi, Higashi , Hiroshima, Japan",True
Micron Technology Inc.,"89-2, Yamada, Yuwaishida, Akita, Japan",True
Micron Technology Inc.,"9600 Godwin Drive, Manassas, Virginia, USA",True
Micron Technology Inc.,"No 429-1 Sanfong Road, Houli Dist. Central Taiwan Science Park, Taichung, Taiwan",True
Micron Technology Inc.,"No. 28-2 Xinxi Avenue, Gaoxin District, Xi’an, Shanxi, China",True
Micron Technology Inc.,"No. 8 Ang Mo Kio, Avenue 12 , Singapore",True
Minebea Co. Ltd.,"5/2 Moo 8, Phaholyothin Road, Km.149 Tambon Nikhom Sang Ton-Eng, Amphoe Muang, Muang Lopburi, Lopburi, Thailand",True
Minebea Co. Ltd.,"No. 1 Tongsheng Road, Suzhou Industrial Park, Suzhou, Jiangsu, China",True
Minebea Co. Ltd.,"Phnom Penh Special Economic Zone, National Road 4, Sangkat Phleung Chhes Rotes, Khan Po- senchey, Phnom Penh, Cambodia",True
Mitsumi Electric Co. Ltd.,"1-1059-5, Tachiyazawa, Yamagata, Japan",True
Mitsumi Electric Co. Ltd.,"1007-39, Izumisawa, Chitose, Hokkaido, Japan",True
Mitsumi Electric Co. Ltd.,"1601, Sakai, Atsugi-shi, Kanagawa, Japan",True
Mitsumi Electric Co. Ltd.,"MRI Special Economic Zone, Sabang, Davao, Cebu, Philippines",True
Mitsumi Electric Co. Ltd.,"No. 2 Dayangzhou Road, Qingdao West Coast Export Processing Zone, Qingdao, Shandong, China",True
Molex Inc.,"1351-2 Sumiyoshi, Yoshida, Haibara-gun, Shizuoka, Japan",True
Molex Inc.,"3949-3 Kawanishi, Kanoya, Kagoshima, Japan",True
Molex Inc.,"700 Kingbird Road, Lincoln, Nebraska, USA",True
Molex Inc.,"Calzada Industrial Nuevo, Nogales, Sonora, Mexico",True
Molex Inc.,"No. 110, International Road, Jurong Town, Singapore",True
Molex Inc.,"No. 27 Guangshun Street, Dalian Economic and Technical Development Zone, Dalian, Liaoning, China",True
Molex Inc.,"No. 889 Yinglun Road, Waigaoqiao Free Trade Zone, Shanghai, China",True
Molex Inc.,"Plot 3, 2607 Jalan Perusahaan Kawasan Perindustrian Perai, Perai, Penang, Malaysia",True
Multi Packaging Solutions Inc.,"13465 Jupiter Road, Dallas, Texas, USA",True
Multi Packaging Solutions Inc.,"2020 Production Drive, Indianapolis, Indiana, USA",True
Multi Packaging Solutions Inc.,"7025 South Fulton Street, Centennial, Colorado, USA",True
Multi-Fineline Electronix Inc.,"No. 68 Nanhu Road, Dongwu Industrial Park, Wuzhong Economic Development Zone, Suzhou, Jiangsu, China",True
Murata Manufacturing Co. Ltd.,"1 Yishun Avenue 7, Singapore",True
Murata Manufacturing Co. Ltd.,"1,13-go, Okamotocho, Echizen, Fukui, Japan",True
Murata Manufacturing Co. Ltd.,"10-28, Hananomori 2-chome, Awara, Fukui, Japan",True
Murata Manufacturing Co. Ltd.,"1020, Takibe, Toyoshina, Azumino, Nagano, Japan",True
Murata Manufacturing Co. Ltd.,"11-1, Nakae 4-chome, Sanuma, Hasama-cho, Tome, Miyagi, Japan",True
Murata Manufacturing Co. Ltd.,"15 Cuijing Road, Shenzhen Grand Industrial Zone, Pingshan New District, Shenzhen, Guangdong, China",True
Murata Manufacturing Co. Ltd.,"2-82, 1-chome, Miyuki-cho, Sabae, Fukui, Japan",True
Murata Manufacturing Co. Ltd.,"2308, Kaminaoe, Hikawa-cho, Hikawa-gun, Shimane, Japan",True
Murata Manufacturing Co. Ltd.,"345, Uwano, Toyama, Japan",True
Murata Manufacturing Co. Ltd.,"4-1, Higashiokino 4-chome, Higashiomi, Shiga, Japan",True
Murata Manufacturing Co. Ltd.,"52, Yanagibashi, Yanagibashimachi, Hakui, Ishikawa, Japan",True
Murata Manufacturing Co. Ltd.,"77, Fukumoto, Oku-cho, Setouchi, Okayama, Japan",True
Murata Manufacturing Co. Ltd.,"93, Hikarimachi, Komatsu, Ishikawa, Japan",True
Murata Manufacturing Co. Ltd.,"Chi-18, Sodanimachi, Hakusan, Ishikawa, Japan",True
Murata Manufacturing Co. Ltd.,"Chi-53, Ohmachi, Anamizu-Machi, Housu, Ishikawa, Japan",True
Murata Manufacturing Co. Ltd.,"I-3 Thang Long Industrial Park, Dong Anh District, Hanoi, Vietnam",True
Murata Manufacturing Co. Ltd.,"Jl. Maligi VIII Lot S-4, Kawasan Industri KIIC Karawang, Kabupaten Bekasi, Jawa Barat, Indonesia",True
Murata Manufacturing Co. Ltd.,"Lishan Village, Qianwu Town, Doumen District, Zhuhai, Guangdong, China",True
Murata Manufacturing Co. Ltd.,"Lot 55 , Longjiang Industrial Park, Tan Lap 1 WaRoad, Tan Phuoc District, Tan Lap Ward, Tien Giang, Vietnam",True
Murata Manufacturing Co. Ltd.,"Lot A1 Hoa Khanh Inductrial Zone, Lien Chieu District, Da Nang, Vietnam",True
Murata Manufacturing Co. Ltd.,"No. 3 Longxin 5th Street, Longxin Processing District, Shantou Special Economic Zone, Shantou, Guangdong, China",True
Murata Manufacturing Co. Ltd.,"No. 6 Xingchuang 1st Road, Wuxi Export Processing Zone B Zone, Wuxi, Jiangsu, China",True
Murata Manufacturing Co. Ltd.,"No. 6, 9A Road, Bien Hoa Industrial Zone No.2, Dong Nai, Vietnam",True
Murata Manufacturing Co. Ltd.,"Ozowara, Echizen-cho, Nyu-gun, Fukui, Japan",True
Murata Manufacturing Co. Ltd.,"Plot 15, Bemban Industrial Park Jalan Bemban , Batu Gajah, Perak, Malaysia",True
Murata Manufacturing Co. Ltd.,"Saigon-Linh Trung Export Processing Zone No.1, Hamlet4, Linh Trung WaRoad, Thu Duc District, Ho Chi Minh, Binh Duong, Vietnam",True
Nan Ya Plastics Corp.,"No. 201 ChangJiang South Road, Kunshan Economic & Technical Development Zone, Kunshan, Jiangsu, China",True
Nan Ya Plastics Corp.,"No. 98, Nanlin Road, Taishan District, New Taipei City, Taipei, Taiwan",True
NEC TOKIN Corp.,"78/2 Moo1 Wellgrow Industrial Estate, Bangna-Trad KM. 36 Road, Homsil, Bang Pakong, Chachoeng- sao, Thailand",True
NEC TOKIN Corp.,"Lot A5-A6, Long Binh Technology Park, Bien Hoa, Dong Nai, Vietnam",True
NEC TOKIN Corp.,"Nyuzen 560, Shimo Niikawa-gun, Nyuzen, Toyama, Japan",True
Nichia Corp.,"38-2, Kawamukoichi, Ichiba, Oasa-Cho, Naruto, Tokushima, Japan",True
Nichia Corp.,"491 Oka, Kaminaka-cho, Anan, Tokushima, Japan",True
Nidec Corp.,"119 East Main Avenue, Laguna Technopark Special Economic Zone, Binan, Laguna, Philippines",True
Nidec Corp.,"136 North Science Avenue Extension, Laguna Technopark Special Economic Zone, Binan, Laguna, Philippines",True
Nidec Corp.,"No. 12 Huancheng North Road, Hongye Industrial District, Tangxia Town, Dongguan, Guangdong, China",True
Nidec Corp.,"Street No. 18, Tan Thuan Export Processing Zone, District 7, Copal, Ho Chi Minh, Vietnam",True
Nippon Mektron Ltd.,"1650-11-1 Okuhara-cho, Ushiku, Ibaraki, Japan",True
Nippon Mektron Ltd.,"166-21, Riao PuLli, Matou Chen, Tainan, Taiwan",True
Nippon Mektron Ltd.,"2626-19 Sunayama, Kamisu, Ibaraki, Japan",True
Nippon Mektron Ltd.,"560 Moo 2, Bangpa-in Industrial Estate, Udomsorayuth Road,T.Klong-Jik, Bang Pa-In, Ayutthaya, Thailand",True
Nippon Mektron Ltd.,"No. 18 Daye Street, Daliao District, Kaohsiung, Taiwan",True
Nippon Mektron Ltd.,"No. 20 Guanghua Road, Sanlong Village, Daliao Township, Kaohsiung, Taiwan",True
Nippon Mektron Ltd.,"No. 2006 Huangyang Road, Doumen Town, Doumen District, Zhuhai, Guangdong, China",True
Nippon Mektron Ltd.,"No. 48 Chung-Heng Street, Hsiao-Kang District, Kaohsiung, Taiwan",True
Nippon Mektron Ltd.,"No. 1 Shuang Deng Road Weiting Town, Suzhou Industrial Park, Suzhou, Jiangsu, China",True
Nippon Mektron Ltd.,"No. 22 Xiangming Road, Xiang’an District, Xiamen, Fujian, China",True
Nissha Printing Co. Ltd.,"50 Kamiyobe, Yobe-ku, Himeji, Hyogo, Japan",True
Nissha Printing Co. Ltd.,"Ro49-1 Uwagimachi, Daishoji, Kaga, Ishikawa, Japan",True
Nitto Denko Corp.,"18 Hirayama Nakahara, Toyohashi, Aichi, Japan",True
Nitto Denko Corp.,"455-6, Hongo, Minogo-cho, Onomichi, Hiroshima, Japan",True
Nitto Denko Corp.,"474, Hyeongok-Ri, Cheongbuk-Myeon, Pyeongtaek, Gyeonggi-Do, Korea",True
Nitto Denko Corp.,"53-29, 4Gongdan-ro 7-gil, Gumi, Gyeongsangbuk-do, Korea",True
Nitto Denko Corp.,"919, Fuke-cho, Kameyama, Mie, Japan",True
Nitto Denko Corp.,"Bangkai Road, Guangming High Technology Park, Shenzhen, Guangdong, China",True
Nitto Denko Corp.,"No. 468 Suhongzhong Road, Suzhou Industrial Park, Suzhou, Jiangsu, China",True
Nitto Denko Corp.,"No. 210 North Riying Road, Waigaoqiao Free Trade Zone, Shanghai, China",True
NXP Semiconductors N.V.,"10 Jing 5th Road, Nanzih Export Processing Zone, Kaohsiung, Taiwan",True
NXP Semiconductors N.V.,"303 Moo 3 Chaengwattana Road, Laksi , Bangkok, Thailand",True
NXP Semiconductors N.V.,"Bramhall Moor Lane, Stockport, Cheshire, Hazel Grove, United Kingdom",True
NXP Semiconductors N.V.,"Gertsweg 2, Nijmegen, Netherlands",True
NXP Semiconductors N.V.,"No. 188, Suhongxi Road, Suzhou Industrial Park, Suzhou, Jiangsu, China",True
NXP Semiconductors N.V.,"Philips Avenue, Light Industry and Science Park, Cabuyao, Laguna, Philippines",True
NXP Semiconductors N.V.,"PT 12687, Tuanku Jaafar Industrial Park, Seremban, Negeri Sembilan, Malaysia",True
NXP Semiconductors N.V.,"Stresemannallee 101, Hamburg, Germany",True
NXP Semiconductors N.V.,"Tianmei Industrial North District A Section, Huangjiang Town, Dongguan, Guangdong, China",True
OMRON Precision Technology Co. Ltd.,"Building 6 and 11, Electronic Information Business Park, Baishazhou Industrial Zone, HengYang, Hunan, China",True
OMRON Precision Technology Co. Ltd.,"Fushi Industrial Zone, Binghe West Road, Qinhu Industry Region, Qingxi Town, Dongguan, Guang- dong, China",True
OSRAM Opto Semiconductor GmbH,"Bayan Lepas Free Industry Zone, Phase 1, Bayan Lepas, Penang, Malaysia",True
OSRAM Opto Semiconductor GmbH,"Leibnizstraße 4, Regensburg, Germany",True
Panasonic Corp.,"1006 Kadoma, Kadoma, Osaka, Japan",True
Panasonic Corp.,"1037-2 Kamiosatsu, Chitose, Hokkaido, Japan",True
Panasonic Corp.,"1111-1 Shimokannuki - Kawanabe, Tsuyama, Okayama, Japan",True
Panasonic Corp.,"1786-6 Tokushige, Ijuin-cho, Hioki, Kagoshima, Japan",True
Panasonic Corp.,"217 Omachi-cho, Omachi, Saga, Japan",True
Panasonic Corp.,"25 Kowata Nishinaka, Uji, Kyoto, Japan",True
Panasonic Corp.,"271 Higashi Kaihatsu, Tonami, Toyama, Japan",True
Panasonic Corp.,"369 Nogifukutomi-cho, Matsue, Shimane, Japan",True
Panasonic Corp.,"4-5-1 Kurihara, Myoko, Niigata, Japan",True
Panasonic Corp.,"401 Sadamasa, Fukui, Japan",True
Panasonic Corp.,"Kawasan Industri MM2100, Block O-1-1 Desa Gandasari, Kecamatan Cikarang Barat, Kabupaten Bekasi, Jawa Barat, Indonesia",True
Panasonic Corp.,"km. 35, Jakarta-Bogor Road, Cimanggis, Depok, Indonesia",True
Panasonic Corp.,"No. 1 Xinghua 5th Branch, Xiqing Economic Development Zone, Tianjin, China",True
Panasonic Corp.,"No. 1, Jalan Jemuju 16/13, Shah Alam, Selangor, Malaysia",True
Panasonic Corp.,"No. 49 Tokyo Road, Free Trade Zone, Qingdao, Shandong, China",True
Panasonic Corp.,"No. 666 Lushan Road, Suzhou New District, Suzhou, Jiangsu, China",True
Panasonic Corp.,"Tamiyaji, Tamaki, Watarai, Ise, Mie, Japan",True
PCH International,"Anhongji Industrial Estate, Huaxing Road, Longhua Town, Bao’an District, Shenzhen, Guangdong, China",True
PCH International,"Building 2, Huaxing Road, Chungkin Industrial Estate, Dalang community, Bao’an District, Shenzhen, Guangdong, China",True
PCH International,"Hualian industrial Zone, Huaning Road, Dalang community, Bao’an district, Shenzhen, Guangdong, China",True
Pegatron Corp.,"No. 1168, Ronghua Road, SongJiang District, Shanghai, China",True
Pegatron Corp.,"No. 3636 Shengang Road, Xinqiao Town, Songjiang Industrial Zone, Shanghai, China",True
Pegatron Corp.,"No. 3768 Xiuyan Road, Kangqiao Town, Pudong New District, Shanghai, China",True
Pegatron Corp.,"No. 88 Kaedar Road, Kunshan High Technology Industrial Park, Kunshan, Jiangsu, China",True
Pegatron Corp.,"No. 88, Tinghua Road, Tinlin Town, Jinshan District, Shanghai, China",True
Pegatron Corp.,"No. 113, Lane 171 Linsheng Road, Tinglin Town Jinshan District, Shanghai, China",True
Pegatron Corp.,"No. 233 JinFeng Road, Suzhou, Jiangsu, China",True
Pegatron Corp.,"West of Rose Road and South of Bailing Road, Kunshan Economic & Technological Development Zone, Kunshan, Jiangsu, China",True
Pioneer Material Precision Tech,"No. 1 Jiaoping Avenue, Keyuancheng Industrial Park, Tangxia Town, Dongguan, Guangdong, China",True
Pioneer Material Precision Tech,"No. 45, Nanhu Road, Wuzhong Economic Development Zone, Suzhou, Jiangsu, China",True
Polymatech Co. Ltd.,"8-10-1 Tajima, Sakura-ku, saitanw-city, Saitama, Japan",True
Polymatech Co. Ltd.,"No. 718 Guangzhong Road, Xinzhuang Industry Park, Shanghai, China",True
Prent Corp.,"No. 2275, Chengliu Road, Malu Town, Jiading District, Shanghai, China",True
Primax Electronics Ltd.,"Er Village, Liuwu District, Shek Kit Town, Dongguan, Guangdong, China",True
Primax Electronics Ltd.,"No. 2688, Tongxin Road, Yushan Town, Kunshan, Jiangsu, China",True
Quadrant Solutions,"No. 168, Zhangqingtang Road, Tonglu County, Hangzhou, Zhejiang, China",True
Quanta Computer Inc.,"45630 Northport Loop East, Fremont, California, USA",True
Quanta Computer Inc.,"No. 68 Sanzhuang Road, Songjiang Export Processing Zone, Shanghai, China",True
Quanta Computer Inc.,"No. 8 Jinzhou Road, High-tech Industrial Park, Changshu Economic Development Zone, Changshu, Jiangsu, China",True
Radiant Opto Electronics Corp.,"No. 11 Xinrui Road, Science City of Guangzhou High Technology Industrial Development Zone, Guangzhou, Guangdong, China",True
Radiant Opto Electronics Corp.,"No. 1621, Jiang Xin East Road, Economic Developing Area, Wujiang, Jiangsu, China",True
Radiant Opto Electronics Corp.,"No. 35 Hengtong Road., Nanjing Economic and Technologic Development Zone, Nanjing, Jiangsu, China",True
Renesas Electronics Corp.,"1 Ohmaki - Harue-Cho, Harue, Fukui, Japan",True
Renesas Electronics Corp.,"1-11-73 Takarada, Tsyruoka, Yamagata, Japan",True
Renesas Electronics Corp.,"111, Nishiyokote-machi, Takasaki, Gunma, Japan",True
Renesas Electronics Corp.,"145-1, Aza-Nakajima, Nanae-cho, Kameda, Hokkaido, Japan",True
Renesas Electronics Corp.,"275 Koizumi, Yamamichi Koizumi, Tsuruta machi, Kitatsugaru, Aomori, Japan",True
Renesas Electronics Corp.,"4617, Nishiyahata, Kai, Yamanashi, Japan",True
Renesas Electronics Corp.,"89 Nagasaki, Shiranui-cho, Uki, Kumamoto, Japan",True
Renesas Electronics Corp.,"9-1, Seiran 2-Chome, Otsu, Shiga, Japan",True
Renesas Electronics Corp.,"Horiguchi 751, Hitachi-Naka, Ibaraki, Japan",True
RF Micro Devices Inc.,"7908 Piedmont Triad Pkwy, Greensboro, North Carolina, USA",True
RF Micro Devices Inc.,"No. 17 Middle Tongji Road, Beijing, China",True
Robert Bosch GmbH,"Tuebinger Strasse 123, Reutlingen, Germany",True
ROHM Co. Ltd.,"100 Tomioka, Kasaoka, Kasaoka, Fukuoka, Japan",True
ROHM Co. Ltd.,"101/94, 102 Navanakom Industrial Zone, Moo 20, Phaholyothin Road, Tambol Khlong-Nueng, Khlong Luang, Pathum Thani, Thailand",True
ROHM Co. Ltd.,"1162 Hiyoshi, Hirokawa, Yame, Fukuoka, Japan",True
ROHM Co. Ltd.,"21 Saiin Mizosaki-cho, Ukyo-ku, Kyoto, Japan",True
ROHM Co. Ltd.,"371-11 Gasan-dong, Gumcheon-ku, Seoul, Korea",True
ROHM Co. Ltd.,"40, Munpyeongseo-ro 17beonan-gil, Daedeok-gu, Daejeon, Korea",True
ROHM Co. Ltd.,"837-1 Hatakeda Aza Inadou Ooaza, Kukuhashi, Fukuoka, Japan",True
ROHM Co. Ltd.,"883 Kamikitajima Ooaza, Chikugo, Fukuoka, Japan",True
ROHM Co. Ltd.,"Lot 1320 Kawasan Perindustrian, Pengkalan Chepa ll, Padang Tembak, 16100 Kota Bharu, Kelantan, Malaysia",True
ROHM Co. Ltd.,"No. 20 Four Street East & North, Dalian Economic & Technical Development Zone, Dalian, Liaoning, China",True
ROHM Co. Ltd.,"No. 7 Weisan Road, Micro-electronics Industrial Park, Jingang Highway, Xiqing District , Tianjin, China",True
ROHM Co. Ltd.,"People’s Technology Complex Special Economic Zone , Carmona, Cavite, Philippines",True
RR Donnelley & Sons Co.,"2661/2603 South Pacific Highway, Medford, Oregon, USA",True
RR Donnelley & Sons Co.,"415 Westcliff Road, Greensboro, North Carolina, USA",True
RR Donnelley & Sons Co.,"495-35 Hane, Hagiwara-cho, Gero, Gifu, Japan",True
RR Donnelley & Sons Co.,"Business Center Chrastany, Praha zÃ¡pad, Czech Republic",True
RR Donnelley & Sons Co.,"No. 28 Huangshahe West Road, Xinjiu Wei Village, Liaobu Town, Dongguan, Guangdong, China",True
RR Donnelley & Sons Co.,"No. 7699 Songze Avenue,Qingpu Industrial Zone, Shanghai, China",True
RR Donnelley & Sons Co.,"No. 888 Ganghua Road, North Area of Chengdu Modern Industrial Park, Pixian, Chengdu, Sichuan, China",True
SABIC Innovative Plastics,"1 Lexan Lane, Mt. Vernon, Indiana, USA",True
SABIC Innovative Plastics,"No. 1 Suliao Road, West Industrial District, Nansha, Panyu District, Guangzhou, Guangdong, China",True
SABIC Innovative Plastics,"No. 56 Aidu Road, Waigaoqiao Free Trade Zone, Shanghai, China",True
Salcomp Co. Ltd.,"No. 69 Salcomp Road, Furong Industrial Area Xinqiao, Shajing, Baoan District, Shenzhen, Guang- dong, China",True
Samsung Electro-Mechanics Co. Ltd.,"1623-2 Nocksan Industrial Complex, Song Jeong-dong, Kangseo-ku, Busan, Korea",True
Samsung Electro-Mechanics Co. Ltd.,"206 Cheomdansaneop Road, Youngtong-gu, Suwon, Gyeonggi-Do, Korea",True
Samsung Electro-Mechanics Co. Ltd.,"314 Maetan 3-Dong, Yeongtong-gu, Suwon, Gyeonggi-Do, Korea",True
Samsung Electro-Mechanics Co. Ltd.,"581 Myunghak-li, Dong-myon, Yeongi-gun, Sejong, Korea",True
Samsung Electro-Mechanics Co. Ltd.,"Block 5/6, Calamba Premiere International Park, Barangay Batino, Calamba, Laguna, Philippines",True
Samsung Electro-Mechanics Co. Ltd.,"Hengkeng Management Area, Liaobu Town, Dongguan, Guangdong, China",True
Samsung Electro-Mechanics Co. Ltd.,"No. 1, Weisan Road, Micro-Electronics Industrial Park, Xiqing District, Tianjin, China",True
Samsung Electronics Co. Ltd.,"12100 Samsung Boulevard, Austin, Texas, USA",True
Samsung Electronics Co. Ltd.,"318 Fang Zhou Road, Suzhou Industrial Park, Suzhou, Jiangsu, China",True
Samsung Electronics Co. Ltd.,"465 Beonyeong-ro, Seobuk-gu, Cheonan, Chungcheongnam-do, Korea",True
Samsung Electronics Co. Ltd.,"95, Samsung 2-ro Giheung-gu, Yongin, Gyeonggi-Do, Korea",True
Samsung Electronics Co. Ltd.,"No. 158 Baebang-Ro Baebang-eup, Asan, Chungcheongnam-do, Korea",True
Samsung Electronics Co. Ltd.,"No. 181 Samsung Street, Tangjeong-myeon, Asan, Chungcheongnam-do, Korea",True
Samsung Electronics Co. Ltd.,"No. 337 Felingli Street, Suzhou Industrial Park, Suzhou, Jiangsu, China",True
Samsung Electronics Co. Ltd.,"San No. 16 Banwol-dong, Hwaseong, Gyeonggi-Do, Korea",True
Samsung SDI. Co. Ltd.,"508, Seongseong-dong, Seobuk-gu, Cheon An, Chungcheongbuk-Do, Korea",True
Samsung SDI. Co. Ltd.,"No. 1 Qingling Road, Yat-Sen Science Development Park, Wuqing Development Zone, Tianjin, China",True
Sandisk Corp.,"No 388, East Jiang Chuan Road, Minhang District, Shanghai, China",True
Seagate Technology LLC,"90 Moo 9 Tampol Sungnoen, Sungnoen, Nakhon Ratchasima, Thailand",True
Seagate Technology LLC,"No. 200 SU Hong Zhong Street, Suzhou Industrial Park, Suzhou, Jiangsu, China",True
Seagate Technology LLC,"No. 2 Xing Chuang Second Road, Wuxi-Singapore Industrial Park, Wuxi, Jiangsu, China",True
Seiko Epson Corp.,"1 Dannoue Iwasaki-aza, Yuzawa, Akita, Japan",True
Seiko Epson Corp.,"239-239/1 Moo 7, Gateway City Industrial Estate, T. Hua Samrong, Pleang Yao, Chachoengsao, Thailand",True
Seiko Epson Corp.,"Lot 1, Jalan Persiaran Industri, Taman Perindustrian, Sri Damansara, Sungai Buloh, Kuala Lumpur, Malaysia",True
Semiconductor Components Industries LLC,"2300 West Buckskin Road, Pocatello, Idaho, USA",True
Semiconductor Components Industries LLC,"23400 NE Glisan Street, Gresham, Oregon, USA",True
Semiconductor Components Industries LLC,"289 West People Road, Leshan, Sichuan, China",True
Semiconductor Components Industries LLC,"Block A/B, No. 110, Liuxiancun Road, Xili Town, Nanshan District, Shenzhen, Guangdong, China",True
Semiconductor Components Industries LLC,"Bozeny Nemcove 1720, Roznov pod Radhostem, Czech Republic",True
Semiconductor Components Industries LLC,"Golden Mile Business Park, Special Economic Zone, Governor’s Drive Bo., Maduya, Carmona, Cavite, Philippines",True
Semiconductor Components Industries LLC,"Lot 122 Senawang Industrial Estate, Seremban, Negeri Sembilan, Malaysia",True
Semiconductor Components Industries LLC,"Lot 55, Senawang Industrial Estate, Seremban, Negeri Sembilan, Malaysia",True
Semiconductor Components Industries LLC,"Westerring 15, B-9700, Oudenaarde, Belgium",True
Sharp Corp.,"1177-1 Gosana, Taki-cho, Taki-gun, Mie, Japan",True
Sharp Corp.,"464 Kohgawa, Shiraki-cho, Kameyama, Mie, Japan",True
Sharp Corp.,"646-7, Shiraki Isshiki, Seki-cho, Kameyama, Mie, Japan",True
Sharp Corp.,"A2, B22-A Lot, Wuxi National High and New Tech Industrial Development Zone, Wuxi, Jiangsu, China",True
Sharp Corp.,"Jin Long Industrial Area, San Zhong District, Qingxi Town, Dongguan, Guangdong, China",True
Sharp Corp.,"No 21 Zhujiang Road Wuxi National High and New Tech Industrial Development Zone., Wuxi, Jiangsu, China",True
Sharp Corp.,"No. 7, VSIP II, Street 7, Vietnam-Singapore Park II, Hoa Phu Ward, Ho Chi Minh, Binh Duong, Vietnam",True
Shenzhen Desay Battery Technology Co. Ltd.,"Area No. 16, Zhongkai High Technology Park, Huizhou, Guangdong, China",True
Shenzhen Desay Battery Technology Co. Ltd.,"No. 6, Zhongkai High Technology Industrial Development Zone, Huizhou, Guangdong, China",True
Shenzhen Fortunta Technology Co. Ltd.,"Niujiaolong, Tianrun Industrial Park, Zhangkengjing, Guanlan, Bao’an District, Shenzhen, Guang- dong, China",True
Shenzhen Yuto Printing (Holdings) Ltd.,"No. 1 Shihuan Road, Shuitian Industrial Area, Shilongzai, Shiyan Town, Shenzhen, Guangdong, China",True
Shenzhen Yuto Printing (Holdings) Ltd.,"No. 125 Lianhe Road, Qiandeng Town, Kunshan, Jiangsu, China",True
Shenzhen Yuto Printing (Holdings) Ltd.,"No. 4 Wuhua West Road, Chengdu, Sichuan, China",True
Shenzhen Yuto Printing (Holdings) Ltd.,"Weiwu Middle Avenue, Industrial Hatching Park, Business Gathering Zone, Changge, Changge, Henan, China",True
Shin Zu Shing Co. Ltd.,"No. 1 Hongyun Road, Economic Development Area, Luzhi Town, Suzhou, Jiangsu, China",True
Shin Zu Shing Co. Ltd.,"No. 174 Jyunying Street, Shulin District, Taipei, Taiwan",True
Simplo Technology Co. Ltd.,"No. 2 Dongnan Avenue, Changshu, Jiangsu, China",True
SK Hynix Inc.,"2091, Gyeongchung-daero, Bubal-eub, Icheon, Gyeonggi-Do, Korea",True
SK Hynix Inc.,"215, Daesin-ro, Heungdeok-gu, Cheongju, Chungcheongbuk-Do, Korea",True
SK Hynix Inc.,"Lot K7, Wuxi Export Processing Zone, Wuxi, Jiangsu, China",True
Skyworks Solutions Inc.,"20 Sylvan Road, Woburn, Massachusetts, USA",True
Skyworks Solutions Inc.,"2427 West Hillcrest Drive, Newbury Park, California, USA",True
Skyworks Solutions Inc.,"Calzada Gomez Morin 1690, Col. Rivera CP, Mexicali, Baja California, Mexico",True
Solvay Specialty Polymers,"17005 State Route 7, Marietta, Ohio, USA",True
Solvay Specialty Polymers,"Industriepark de Bruwaan 9, Oudenaarde, Belgium",True
Solvay Specialty Polymers,"No. 18 Haikang Road, Changshu Advanced Materials Industrial Park, Changshu, Jiangsu, China",True
Sony Corp.,"1 Tuas Road, Singapore",True
Sony Corp.,"1883-43 Tsukubamachi, Isahaya, Nagasaki, Japan",True
Sony Corp.,"4000-1 Kikuyomachi Haramizu, Kikuchigun, Kumamoto, Japan",True
Sony Corp.,"5-1 Noguchi Kita, Kokubu, Kirishima-shi, Kagoshima, Japan",True
Sony Corp.,"99/7 Moo3 Bangna-Trad Road, km3 Tambon Bangsaothong, Amphur Bangsaothong, Bangna, Samutprakarn, Thailand",True
Sony Corp.,"No. 27 Changjiang road, New District, Wuxi, Jiangsu, China",True
Sony Corp.,"No. 99 Jiang Tian Road (East), Songjiang Industrial Development Zone, Shanghai, China",True
Sony Corp.,"No. 7 Shenzhou Road, Science Park of Guangzhou Economic and Technological Development District, Guangzhou, Guangdong, China",True
STANLEY Engineered Fastening,"No. 9 Xixia Road, Mechanical & Electrical Industry Park, Wuxi National High Tech Industrial Develop- ment Zone, Wuxi, Jiangsu, China",True
STANLEY Engineered Fastening,"No.11, Zhongxin Road, Kengzi street, Pingshang New Region, Shenzhen, Guangdong, China",True
STANLEY Engineered Fastening,"Simao Road, the 3rd Industrial Area, Qiaotou, Houjie Town, Dongguan, Guangdong, China",True
STMicroelectronics NV,"101, Boulevard des Muriers BP 97, Bouskoura, Casablanca, Morocco",True
STMicroelectronics NV,"16 Tao Hua Road, Futian Free Trade Zone, Shenzhen, Guangdong, China",True
STMicroelectronics NV,"16, rue Pierre et Marie Curie, Tours, France",True
STMicroelectronics NV,"18 Ang Mo Kio, Industrial Park 2, Singapore",True
STMicroelectronics NV,"190 Avenue Celestin Coq Zone Industrielle, Rousset, France",True
STMicroelectronics NV,"850, rue Jean Monnet, Crolles, France",True
STMicroelectronics NV,"Industrial Center Muar, Tanjong Agas Industrial Area, Muar, Johor, Malaysia",True
STMicroelectronics NV,"Industry Road, Kirkop, Malta",True
STMicroelectronics NV,"No. 9 Mountain Drive, Light Industry & Science Park II, La Mesa, Calamba, Laguna, Philippines",True
STMicroelectronics NV,"Stradale Promosole 50, Catania, Sicily, Italy",True
STMicroelectronics NV,"Via C. Olivetti 2, 20864 Agrate Brianza (MB), Agrate, Brianza, Italy",True
Styron LLC,"No. 17 Renjen Road, Hsinchu Ind. Park, Hukou, Hisnchu, Taiwan",True
Sumida Corp.,"Building 6, Electronic Information Industrial Pioneer Park, Deshan Economic Development District, changde, Hunan, China",True
Sumida Corp.,"No. 1 South Road, Kou Shui Keng Village, Shiji Town, Panyu District, Guangzhou, Guangdong, China",True
Sumida Corp.,"Taixin Road, Jinzhou Village, Humen Town, Dongguan, Guangdong, China",True
Sumitomo Chemical Co. Ltd.,"1-1 Ooe, Niihama, Ehime, Japan",True
Sumitomo Chemical Co. Ltd.,"862 Palbong-dong, Iksan, Jeollabuk-Do, Korea",True
Sumitomo Chemical Co. Ltd.,"No. 61 Xinmei Road, New High Technology Industrial Zone, Wuxi, Jiangsu, China",True
Sumitomo Electric Industries Ltd.,"30 Hinokigaoka, Minakuchi-cho, Kouga-shi, Shiga, Japan",True
Sumitomo Electric Industries Ltd.,"Ampere St. Cor. Main Avenue, Light Industry & Science Park, Special Export Processing Zone, Bo. Diezmo, Cabuyao, Laguna, Philippines",True
Sumitomo Electric Industries Ltd.,"No. 232 Jinfeng Road, Suzhou New District, Suzhou, Jiangsu, China",True
Sumitomo Electric Industries Ltd.,"No.20 Songtang Road, Tongfuyu Industrial Area, Tangxiachong, Songgang, Baoan, Shenzhen, Guangdong, China",True
Sunon Electronics Co. Ltd.,"168 Nanbang Road, Kunshan, Jiangsu, China",True
Sunrex Technology Corp.,"No. 508, Guodao Road, Fenhu Economic Development Zone, Luxu Town, Wujiang, Jiangsu, China",True
Sunrex Technology Corp.,"Xinqiao, 3rd Industrial Estate, Shajing, Baoan, Shenzhen, Guangdong, China",True
Suyin Electronic Corp.,"Suyin Road, Sanzhong Village, Qingxi Town, Dongguan, Guangdong, China",True
Suzhou Anjie Technology Co. Ltd.,"No. 8 Fujin Road, Guangfu Town, Wuzhong District, Suzhou, Jiangsu, China",True
Swiftronic Pte. Ltd.,"Block No. 4, Xinghaimingcheng, Qianhai Road, Shenzhen, Guangdong, China",True
Swiftronic Pte. Ltd.,"Building 4, No. 875 Qiuxing Road, Nicheng Industrial Park, Pudong New District, Shanghai, China",True
Swiftronic Pte. Ltd.,"Sinco Industrial Park, Huai Bei Road, Huai De District, Humen Town, Dongguan, Guangdong, China",True
Taishan City Kam Kiu Aluminium Extrusion Co. Ltd.,"Shiqiao Industrial Zone, Dajiang County, Taishan, Guangdong, China",True
Taiwan Powder Technologies (TPT),"No. 63 Jhonghua Road, Dasi Township, Taoyuan, Taiwan",True
Taiwan Semiconductor Manufacturing Co. Ltd. ( TSMC),"1-1/1-2 Nanke North Road, Tainan Science Park, Tainan, Taiwan",True
Taiwan Semiconductor Manufacturing Co. Ltd. ( TSMC),"Fab 12, No. 8, Li-Hsin Road VI, Hsinchu Science Park, Hsinchu, Taiwan",True
Taiwan Semiconductor Manufacturing Co. Ltd. ( TSMC),"No. 1 Keya 6th Road, Taichung, Taiwan",True
Taiwan Semiconductor Manufacturing Co. Ltd. ( TSMC),"No. 12 Duxing 1st Road, Hsinchu Science Park, Hsinchu, Taiwan",True
Taiwan Semiconductor Manufacturing Co. Ltd. ( TSMC),"No. 4000 Wenxiang Road, Songjiang, Shanghai, China",True
Taiyi Group,"No. 68, Huaming Road, Longhua District, Shenzhen, Guangdong, China",True
Taiyi Group,"No. 68, Meifeng Road, Wusongjiang Industrial Park, Yushan Town, Kunshan, Jiangsu, China",True
Taiyo Yuden Co. Ltd.,"1796-1, Kawai,Tamamura-machi , Sawa-gun, Gunma, Japan",True
Taiyo Yuden Co. Ltd.,"197-8, Kamiyoshi, Kubiki-ku, Joetsu, Niigata, Japan",True
Taiyo Yuden Co. Ltd.,"1988, Nakanojo, Nakanojo-machi, Agatsuma-gun, Gunma, Japan",True
Taiyo Yuden Co. Ltd.,"2nd Street, Block C-3, Mactan Economic Zone 1, Lapulapu, Cebu, Philippines",True
Taiyo Yuden Co. Ltd.,"4026-22, Inanbar,Inami-cho, Hidaka-gun, Wakayama, Japan",True
Taiyo Yuden Co. Ltd.,"43-1, Yawatabara-machi, Takasaki, Gunma, Japan",True
Taiyo Yuden Co. Ltd.,"82, Oegukgieop-ro, Sanam-myeon, Sachon, Gyeongsangnam-do, Korea",True
Taiyo Yuden Co. Ltd.,"Lot 977, Block 12, Sama Jaya Free Industrial Zone, Kuching, Sarawak, Malaysia",True
Taiyo Yuden Co. Ltd.,"No. 13 Keji East Road, Shijie Town, Dongguan, Guangdong, China",True
Taylor Corp.,"5842 Carmen Avenue, Inver Grove Heights, Minnesota, USA",True
Taylor Corp.,"91 Clydesdale Place, Moss Side Industrila Estate, Leyland, Lancashire, United Kingdom",True
Taylor Corp.,"925 Zane Avenue North, Minneapolis, Minnesota, USA",True
TDK Corp.,"1 West Industrial Road, Songshan Lake Science and Technology Industry Park North, Dongguan, Guangdong, China",True
TDK Corp.,"1-6 Manganji, Yurihonjo-city, Honjo, Akita, Japan",True
TDK Corp.,"106-163, 2 Goto, Waga-machi, Kitakami, Iwate, Japan",True
TDK Corp.,"130 Aza-Juninomae, Konoura, Nikaho, Akita, Japan",True
TDK Corp.,"146-1, Haraikawa, Ohuchi-Sankawa, Yuri-Honjoyoh, Akita, Japan",True
TDK Corp.,"160 Miyazawa, Minami Alps, Yamanashi, Japan",True
TDK Corp.,"166 Kallang Way, Singapore",True
TDK Corp.,"200 aza-Tachisawa, Hirasawa, Nikaho-machi, Yuri-gan, Akita, Japan",True
TDK Corp.,"689 Zhen An Road, Conrad High Technology Park, Changan Town, Dongguan, Guangdong, China",True
TDK Corp.,"97, Aza-Aburaden, Tsuruoka, Yamagata, Japan",True
TDK Corp.,"99-19, Aza-Meiji, Oaza-Miyaumi, Sakata, Yamagata, Japan",True
TDK Corp.,"Anzinger Strasse 13, Munich, Germany",True
TDK Corp.,"ATL Industrial Park, Baima, Nancheng District, Dongguan, Guangdong, China",True
TDK Corp.,"Nanxiang Road Hongqi Town, Zhuhai, Guangdong, China",True
TDK Corp.,"No. 1 Xinggang Road, Zhangwan Town, Ningde, Fujian, China",True
TDK Corp.,"No. 16 Tonghe Road, Pingdu City, Qingdao, Shandong, China",True
TDK Corp.,"No. 2 Xindu Road, Wuxi-Singapore Industrial Park, Wuxi, Jiangsu, China",True
TDK Corp.,"No. 321-339 Tongi South Road, Jimei District, Xiamen, Fujian, China",True
TDK Corp.,"No. 68 West Huaihe Road, Dalian Economic and Technologic Development Zone, Dalian, Liaoning, China",True
TDK Corp.,"No. 17 Xishi Road, New District, Wuxi, Jiangsu, China",True
TDK Corp.,"Siemensstrasse 43, Deutschlandsberg, Austria",True
TE Connectivity Ltd.-Tyco,"2414 Amata, Inashiki-shi, Ibaraki, Japan",True
TE Connectivity Ltd.-Tyco,"No. 21 Deshun North Road, Huanhai Economic Development Zone, Qingdao, Shandong, China",True
TE Connectivity Ltd.-Tyco,"No. 307 Qinjiang Road, CaoHeJing High Technology Development, Shanghai, China",True
TE Connectivity Ltd.-Tyco,"No. 389 Central Avenue, Zone B, Export Processing Zone, Kunshan, Jiangsu, China",True
Teikoku Printing Inks Mfg. Co. Ltd.,"613 Kurashina, Makioka-cho, Yamanashi, Japan",True
Teikoku Printing Inks Mfg. Co. Ltd.,"No. 999 Fengdeng Road, Malu Town, Jiading District, Shanghai, China",True
Texas Instruments Inc.,"1 Lorong Enggang 33, Ampang, Kuala Lumpur, Malaysia",True
Texas Instruments Inc.,"13011 TI Boulevard, Dallas, Texas, USA",True
Texas Instruments Inc.,"13121 TI Boulevard, Dallas, Texas, USA",True
Texas Instruments Inc.,"13353 TI Boulevard Dock 3, Dallas, Texas, USA",True
Texas Instruments Inc.,"13353 TI Boulevard, Doc 7, Dallas, Texas, USA",True
Texas Instruments Inc.,"13532 North Central Expressway, Dallas, Texas, USA",True
Texas Instruments Inc.,"13536 North Central Expressway, Dallas, Texas, USA",True
Texas Instruments Inc.,"142, Sec. 1, Hsin Nan Road Chung Ho city, Taipei, Taiwan",True
Texas Instruments Inc.,"2, Takaku-Kogyodanchi, Aizuwakamatsu, Fukushima, Japan",True
Texas Instruments Inc.,"2350 Kihara Miho-mura, Inashiki-gun, Miho, Ibaraki, Japan",True
Texas Instruments Inc.,"3601 Alma Road, Richardson, Texas, USA",True
Texas Instruments Inc.,"5 Foden Road, South Portland, Maine, USA",True
Texas Instruments Inc.,"507 Jesus Rivera Franco, Aguascalientes, Mexico",True
Texas Instruments Inc.,"6412 South Highway 75, Sherman, Texas, USA",True
Texas Instruments Inc.,"Batu Berendam Free Trade Zone, Batu Berendam, Malacca, Malaysia",True
Texas Instruments Inc.,"Clark Freeport Zone, Gil Puyat Avenue, Angeles, Pampanga, Philippines",True
Texas Instruments Inc.,"Earnhill Road, Larkhill Industrial Estate, Greenock, Inverclyde, United Kingdom",True
Texas Instruments Inc.,"Haggertystrasse 1, Freising, Bavaria, Germany",True
Texas Instruments Inc.,"No. 8010, Kexin Road, High Technology, Comprehensive Free Trade Zone, Chengdu, Sichuan, China",True
Texas Instruments Inc.,"Peza, Loakan Road, Baguio, Philippines",True
Tianjin Lishen Battery Joint-Stock Co. Ltd.,"No. 6 Lanyuan Road, Huayuan High Technology Industry Park, Binhai Science & Technology Park, Tianjin, China",True
Tianjin Lishen Battery Joint-Stock Co. Ltd.,"No. 38 Haitainan Road (Outside Outer Ring Road), Binhai Science & Technology Park, Tianjin, China",True
Toshiba Corp.,"1-1, Iwauchi-machi , Nomi, Ishikawa, Japan",True
Toshiba Corp.,"103 East Main Avenue Extension, Special Export Processing Zone, Laguna Technopark, Binan, Lagu- na, Philippines",True
Toshiba Corp.,"300, Ikaruga, Taishi-cho, Ibo-bun, Hyogo, Japan",True
Toshiba Corp.,"3500, Oaza Matsuoka, Oita, Japan",True
Toshiba Corp.,"572 Moo 7, 304 Industrial Park ,T.Thatoom, A.Srimahaphot, Prachin Buri, Thailand",True
Toshiba Corp.,"760, Oaza Kutsugawa, Buzen, Fukuoka, Japan",True
Toshiba Corp.,"800 Yamonoisshiki-Cho, Yokkaichi, Mie, Japan",True
Toyo Rikagaku Kenkyusho Co. Ltd.,"Lianlang District, Kunshan Development Zone, Kunshan, Jiangsu, China",True
Toyo Rikagaku Kenkyusho Co. Ltd.,"No 281, Kongque Road, Precision Mechanical Industrial Park, Kunshan Economic and Technical Development Zone, Kunshan, Jiangsu, China",True
Toyo Rikagaku Kenkyusho Co. Ltd.,"No. 1448 Honghu Road, Kunshan Economic & Technical Development Zone, Kunshan, Jiangsu, China",True
Toyo Rikagaku Kenkyusho Co. Ltd.,"No. 188, Gaoding Road., Kunshan Economic and Technologic Development Zone, Kunshan, Jiangsu, China",True
Toyoda Gosei Co. Ltd.,"5-1,Yawata Kaigan-dori, Ichihara, Chiba, Japan",True
Toyoda Gosei Co. Ltd.,"710 Origuchi, Shimomiyake, Heiwa, Inazawa, Aichi, Japan",True
Toyoda Gosei Co. Ltd.,"9966-9 Kawako, Oaza, Wakaki-cho, Takeo, Saga, Japan",True
TPK Holding Co. Ltd.,"No. 199 Ban Shang Road Information & Photoelectricity Park of Xiamen Torch High Technology Industrial Development Zone, Xiamen, Fujian, China",True
TPK Holding Co. Ltd.,"No. 996 Ming’an Street Xiang’an District, Xiamen, Fujian, China",True
Tripod Technology Corp.,"No. 13 Kung-Yeh 3rd Rd., Ping-Jen Industrial Park, Ping-Jen City, Taoyuan, Taiwan",True
Tripod Technology Corp.,"No. 21 Kung-yeh 5th Rd., Ping-Jen Industrial Park, Ping-Jen City, Taoyuan, Taiwan",True
Tripod Technology Corp.,"No. 68 East 3rd Furong Road, Development Zone, Xishan District, Wuxi, Jiangsu, China",True
Tripod Technology Corp.,"No. 6 MID Tuanjie Road, Developnent Zone, Xishan District, Wuxi, Jiangsu, China",True
TriQuint Semiconductor Inc.,"1818 South Orange Blossom Trail, Apopka, Florida, USA",True
TriQuint Semiconductor Inc.,"2300 N.E. Brookwood Parkway, Hillsboro, Oregon, USA",True
TriQuint Semiconductor Inc.,"500 West Renner Road, Richardson, Texas, USA",True
TriQuint Semiconductor Inc.,"Zona Franca Metropolitana, Barreal De Heredia, Apartado 144-3006, Haredia, Costa Rica",True
Triumph Lead Group Ltd.,"Building A, FengMenAo Technology Park, FengMen Road, BanTian, LongGang District, Shenzhen, Guangdong, China",True
Triumph Lead Group Ltd.,"Chongzhou Economic Development Zone, Chengdu, Sichuan, China",True
Triumph Lead Group Ltd.,"Fengmen’ao Science and Technology Park, Fengmen Road, Longgang District, Dongguan, Guang- dong, China",True
Triumph Lead Group Ltd.,"No. 10 Yingbin Road, South Development Zone of Dongtai City, Dong Tai, Jiangsu, China",True
Triumph Lead Group Ltd.,"No. 2 Yuyuan Road, Yuyuan Industrial Park, Huangjiang Town, Dongguan, Guangdong, China",True
Triumph Lead Group Ltd.,"No. 8 Changping Road, Huangdai Town, Xiangcheng District, Suzhou, Jiangsu, China",True
Tsujiden Co. Ltd.,"1313-168, Masuragahara-machi, Omura, Nagasaki, Japan",True
TTM Technologies Inc.,"No 238, Shanhu Road, Niushan Foreign Economy Industrial Zone, Dongcheng District, Dongguan, Guangdong, China",True
TTM Technologies Inc.,"No. 1 Xinle Road, Science City, High Technology Industrial Development Zone, Guangzhou, Guang- dong, China",True
TTM Technologies Inc.,"No. 200 Jiang Tian Dong Road East, Songjiang Industrial Zone, Shanghai, China",True
TTM Technologies Inc.,"No. 685 Lian Yang Road, SongJiang Industrial Zone, Shanghai, China",True
UACJ Corp.,"3-1-12, Chitose Minato-ku, Nagoya, Aichi, Japan",True
UACJ Corp.,"No. 88 Yangzijiang Road Kunshan Economic And Technological Development Zone, Kunshan, Jiangsu, China",True
Unimicron Technology Corp.,"No. 168, Xiaolin Road, Kunshan Development Zone, Kunshan, Jiangsu, China",True
Unimicron Technology Corp.,"No. 177/179, Shan Ying Road, Kwei Shan Ind. Park, Taoyuan, Taiwan",True
Unisteel Technology Ltd.,"No. 358, Fengmao Road, Malu Town, Jiading District, Shanghai, China",True
Unisteel Technology Ltd.,"No. 988 Shangxue Road, Malu Town, Jiading District, Shanghai, China",True
Unitech Printed Circuit Board Corp.,"No. 3, Lane 4, Chung-Shan Road, Tucheng District, Taipei, Taiwan",True
Unitech Printed Circuit Board Corp.,"No. 36 Dingping Road, Su’ao Township, Yilan, Taiwan",True
Vishay Intertechnology Inc.,"1122 23rd St., Columbus, Nebraska, USA",True
Vishay Intertechnology Inc.,"1505 East Hwy 50, Yankton, South Dakota, USA",True
Vishay Intertechnology Inc.,"1950 Avenida De La S Torres, Ciudad Juarez, Chihuahua, Mexico",True
Vishay Intertechnology Inc.,"2201 Laurelwood Road, Santa Clara, California, USA",True
Vishay Intertechnology Inc.,"233 Baoqiao Road, Xindian District, Taipei, Taiwan",True
Vishay Intertechnology Inc.,"3-3 East 2nd Street Nantze Export Processing Zone, Kaohsiung, Taiwan",True
Vishay Intertechnology Inc.,"Bagsakan Road, FTI Special Economic Zone FTI Estate, Taguig City, Manilla, Philippines",True
Vishay Intertechnology Inc.,"Dimona Industrial Park, Dimona, Israel",True
Vishay Intertechnology Inc.,"Dr. Felix Zandman Platz 1, Selb, Germany",True
Vishay Intertechnology Inc.,"Foti ut 56 , Budapest, Hungary",True
Vishay Intertechnology Inc.,"Fraunhoferstr. 1, D-25524, Itzehoe, Germany",True
Vishay Intertechnology Inc.,"Ha-Kotzer 3 ST, Beer Sheva, Israel",True
Vishay Intertechnology Inc.,"Mlynska 1095, Prestice, Czech Republic",True
Vishay Intertechnology Inc.,"No. 1710-1, Kawasan Perindustrian Krubong , Melaka, Malaysia",True
Vishay Intertechnology Inc.,"No. 46 Renmin 4th Road, Danshui Town, Huiyang District, Huizhou, Guangdong, China",True
Vishay Intertechnology Inc.,"No. 88, 6th Avenue, Tianjin Economic Zone, Tianjin, China",True
Vishay Intertechnology Inc.,"No. 1258, Yong Jing Road, Shanghai, China",True
Vishay Intertechnology Inc.,"P.O. Box 2317, Beer Sheva, Israel",True
Vishay Intertechnology Inc.,"Ramat Gabriel Industrial Park, Migdal Ha’Emek, Israel",True
Vishay Intertechnology Inc.,"Rungholtstr. 8-10, Heide, Germany",True
Vishay Intertechnology Inc.,"Vila Nova De Famalicao Calendario, Vila Nova De Famalicao Calendario, Portugal",True
Vishay Intertechnology Inc.,"Wijnendalestraat 160, Roeselare, West Flanders, Belgium",True
Volex Plc,"No. 1173 Shenhui Rd, Bao’an Village, Henggang, Longgang District, Shenzhen, Guangdong, China",True
Western Digital Corp.,"No. 1 Jinxiu Road West, Shenzhen Export Processing Zone, Pingshan District, Shenzhen, Guang- dong, China",True
Western Digital Corp.,"203/205 Moo 7, Tumbon Tha Tum, Amphur Srimahaphote, Prachin Buri, Thailand",True
Xintec Inc.,"No. 23 Jilin Road, Jhongli Industrial Park, Taoyuan, Taiwan",True
Zeniya Aluminum Engineering Ltd.,"Block B, No. 2 Industry 5th Road, Jiangbian, Songgang Community, Bao’an District, Shenzhen, Guangdong, China",True
Zeniya Aluminum Engineering Ltd.,"No. 130, Bubugao Road, Wusha Jiangbei Village, Changan Town, Dongguan, Guangdong, China",True
Zeniya Aluminum Engineering Ltd.,"No. 307 Bubugao Road, Wusha Jiangbei Village, Changan Town, Dongguan, Guangdong, China",True
Zeniya Aluminum Engineering Ltd.,"No. 888, Bubugao Road, Wusha Jiangbei Village, Changan Town, Dongguan, Guangdong, China",True
Zhen Ding Technology Co. Ltd.,"No. 18 Tengfei Road, Economic and Technological Development Zone, Qinhuangdao, Hebei, China",True
Zhen Ding Technology Co. Ltd.,"Yanluo Road, Songgang Town, Bao’an District, Shenzhen, Guangdong, China",True
Advanced Micro Devices Inc.,"901 Thompson Place, Sunnyvale, California, USA",False
Broadcom Corp.,"5300 California Avenue, Irvine, California, USA",False
Cirrus Logic Inc.,"3100 West Warren Avenue, San Francisco, California, USA",False
Dialog Semiconductor GmbH,"Windmill Hill, Swindon, United Kingdom",False
Intersil Corp.,"1272 Fordgewood Avenue, Sunnyvale, California, USA",False
NVIDIA Corp.,"2840 San Tomas Expressway, Santa Clara, California, USA",False
OmniVision Technologies,"1341 Orleans Drive, Sunnyvale, California, USA",False
Parade Technologies Ltd.,"514 Chai Chee Lane, Singapore",False
Qualcomm Inc.,"5775 Morehouse Drive, San Diego, California, USA",False
Silego Technology Inc.,"1715 Wyatt Drive, Santa Clara, California, USA",False
Silicon Works Co. Ltd.,"707 Tamnin-Dong, Tuseong-Gu, Daejeon, Korea",False
Synaptics Inc.,"3120 Scott Boulevard, Santa Clara, California, USA",False