supplier_name,supplier_address,supplier_address_is_internal_manufacturing_site
3M Co.,"No. 235 Zhongyuan Road, Suzhou, Jiangsu, China",True
3M Co.,"5500 Oaza Osanagi, Higashine, Yamagata, Japan",True
3M Co.,"577 Keumeui-ri, Jangan-myon, Hwaseong, Gyeonggi-Do, South Korea",True
3M Co.,"No. 312, Section 1, Huan Dong Road, Sinshih Township, Tainan, Taiwan",True
3M Co.,"1400 State Docks Road, Decatur, Alabama, United States",True
3M Co.,"1400 Perimeter Road, Greenville, South Carolina, United States",True
3M Co.,"915 Adams Street, Hutchinson, Minnesota, United States",True
3M Co.,"905 Adams Street, Hutchinson, Minnesota, United States",True
3M Co.,"3406 E. Pleasant Street, Knoxville, Iowa, United States",True
3M Co.,"1030 Lake Road, Medina, Ohio, United States",True
3M Co.,"1425 Stokke Parkway, Menomonie, Wisconsin, United States",True
AAC Technologies Holdings Inc.,"No. 66 Yanghuxi Road, Wujin District, Changzhou, Jiangsu, China",True
AAC Technologies Holdings Inc.,"No. 8 Fengqi Road, High Tech. Industry Development Area, Wujin District, Changzhou, Jiangsu, China",True
AAC Technologies Holdings Inc.,"6F, Building 5, Nanyou Tianan Industry Park, Dengliang Road, Nanshan District, Shenzhen, Guang- dong, China",True
Acbel Polytech Inc.,"No. 17-28 Hongyeh Road, Hongyeh Industrial District, Tangxia Town, Dongguan, Guangdong, China",True
Advance Tech,"No. 8 Dongshan Avenue, Xukou Town, Wuzhong District, Suzhou, Jiangsu, China",True
Advanced Semiconductor Engineering Inc.,"No. 1558, Zhangdong Road, Zhangjiang High-Technology Park, Shanghai, China",True
Advanced Semiconductor Engineering Inc.,"No. 501, Longgui Road, Jinqiao Export Processing South Zone, Pudong New Area, Shanghai, China",True
Advanced Semiconductor Engineering Inc.,"76, Saneopdanji-gil, Paju, Gyeonggi-Do, South Korea",True
Advanced Semiconductor Engineering Inc.,"1F, 550 Chung-Hwa Road, Section 1, Chungli, Taoyuan, Taiwan",True
Advanced Semiconductor Engineering Inc.,"1F, No. 115 Nei-Huan North Road, Nantze Export Processing Zone, Kaohsiung, Taiwan",True
Advanced Semiconductor Engineering Inc.,"73 Kai Fa Road, Nantze Export Processing Zone, Kaohsiung, Taiwan",True
Advanced Semiconductor Engineering Inc.,"No. 2, Chuangyi South Road, Nanzi Dist, Kaohsiung, Taiwan",True
AKM Semiconductor Inc.,"5-4960, Nakagawara-cho, Nobeoka, Miyazaki, Japan",True
Alps Electric Co. Ltd.,"Xinxing Industrial Zone, Xingfa South Street, Wushaliwu, Changan Town, Dongguan, Guangdong, China",True
Alps Electric Co. Ltd.,"No. 5 Xingchuang 4th Road, Singapore Industrial Park, Wuxi, Jiangsu, China",True
Alps Electric Co. Ltd.,"41-25, Yanagi-machi, Noda Onahama, Iwaki, Fukushima, Japan",True
Alps Electric Co. Ltd.,"6-1 Nishida, Kakuda, Miyagi, Japan",True
Alps Electric Co. Ltd.,"1-3-5 Higashi Takami, Nagaoka, Niigata, Japan",True
Alps Electric Co. Ltd.,"6-3-36 Furukawa Nakazato, Sendai, Miyagi, Japan",True
Alps Electric Co. Ltd.,"230, Shibue, Wakuya, Tohda-gun, Japan",True
Alps Electric Co. Ltd.,"P.T. 10643, Nilai Industrial Estate, Nilai, Negeri Sembilan, Malaysia",True
Amphenol Corp.,"No. 98-5, Road 19, Hangzhou Economic and Technological Development Zone, Hangzhou, Zhejiang, China",True
Amphenol Corp.,"No. 689 Shennan Road, Xinzhuang Industry Park, Shanghai, China",True
Amphenol Corp.,"Block A3/A4, The 4th Industrial District of Industrial Headquarters, Dongkeng Road, Gongming Town, Shenzhen, Guangdong, China",True
Analog Devices Inc.,"Bay F-1, Raheen Industrial Estate, Limerick, Ireland",True
Analog Devices Inc.,"Gateway Business Park, Javalera, Gen. Trias, Cavite, Philippines",True
Analog Devices Inc.,"NW Parker St, Camas, Washington, United States",True
Artesyn Embedded Technologies,"1st Building, Emerson Industrial Park, FengTang Road, Fuyong, Bao'an District, Shenzhen, Guang- dong, China",True
Artesyn Embedded Technologies,"No. 68, Baocheng East Road, Fucheng Town, Luoding, YunFu, Guangdong, China",True
Artesyn Embedded Technologies,"Main Avenue Corner Road J, PEZA Complex, Rosario, Cavite, Philippines",True
"Asahi Glass Co., Ltd.","3583-5 Kawashiri, Yoshida-cho, Haibara-gun, Shizuoka, Japan",True
"Asahi Glass Co., Ltd.","1-8 Machiikedai, Koriyama, Fukushima, Japan",True
"Asahi Glass Co., Ltd.","5-6-1, Umei, Takasago, Hyogo, Japan",True
"Asahi Glass Co., Ltd.","SAHA Group Industrial Park Lamphun 99/39 Moo 5, T. Pasak, Muang Lamphun, Lamphun, Thailand",True
Asia Vital Components Ltd.,"No. 5, Lane 8, Rongjiang Road, Songjiang Export Processing Zone, Shanghai, China",True
Asia Vital Components Ltd.,"West Industry Park, Xinyang Industrial Zone, Shajing Town, Bao'an District, Shenzhen, Guangdong, China",True
AU Optronics Corp.,"No. 398 Suhong Middle Road, Suzhou Industrial Park, Suzhou, Jiangsu, China",True
AU Optronics Corp.,"No. 1 Li Hsin Road 2, Hsinchu Science Park, Hsinchu, Taiwan",True
Austria Microsystems (AMS AG),"Tobelbaderstrasse 30, Unterpremstaetten, Styria, Austria",True
Austria Microsystems (AMS AG),"B2-1D Carmelray Industrial Park II, Barangay Tulo, Calamba, Laguna, Philippines",True
Austria Technologie and Systemtechnik AG,"No. 5000 Jin Du Road, Shanghai, China",True
Avago Technologies Ltd.,"110 American Parkway NE, Allentown, Pennsylvania, United States",True
Avago Technologies Ltd.,"4380 Ziegler Road, Ft. Collins, Colorado, United States",True
Biel Crystal Manufactory Ltd.,"Biel Crystal Industrial Park, TangJing Village, Baishi, QiuChang Town, Huiyang District, Huizhou, Guangdong, China",True
"Boyd Die Cut Co,. Ltd.","Building 1, Liuxian 2nd Road, Runheng Industrial Park, 67th Zone of Baocheng, Bao'an District, Shenzhen, Guangdong, China",True
"Boyd Die Cut Co,. Ltd.","8, Xindu Road, Singapore Industrial Park, Wuxi, Jiangsu, China",True
"Boyd Die Cut Co,. Ltd.","No. 7 Xikun Road, Wuxi-Singapore Industrial Park, Wuxi, Jiangsu, China",True
"Boyd Die Cut Co,. Ltd.","Plot 6, Hilir Sungai Keluang 4, Bayan Lepas FIZ, Phase IV, Bayan Lepas, Penang, Malaysia",True
Brilliant International Group Ltd.,"Gongming Street, Lou Cun Community Council, Guangming, Xinqu, Shenzhen, Guangdong, China",True
Brilliant International Group Ltd.,"Building 1, Linyuan Investment Park, Intersection of Yanhe Road and Shenzhou, Xinzheng City, Zhengzhou, Henan, China",True
Broadway Industrial Group Ltd.,"61 Liu Xian Rode 2, Shenzhen Baoan District 71, Hongkong, China",True
Broadway Industrial Group Ltd.,"No 8., Guxu Road, Pudong New District, Shanghai, China",True
Broadway Industrial Group Ltd.,"Block 34, East Juhuang Industrial Park, Dasan Village, Dasan Community, Guanlan Community Office, Bao'an District, Shenzhen, Guangdong, China",True
Bumchun Precision Company Ltd.,"26, Byeolmang-ro 128beon-gil, Danwon-gu (Sihwa Industrial Complex 5Ba 103), Ansan, Gyeong- gi-Do, South Korea",True
"BYD Co., Ltd.","Xiangshui River, Economic Development Zone, Daya Bay, Huizhou, Guangdong, China",True
"BYD Co., Ltd.","No. 1, Baoping Road, Baolong Industrial Town, Longgang, Shenzhen, Guangdong, China",True
Career Technology (Mfg.) Co. Ltd.,"No. 18 Jinshajiang South Road, Kunshan, Jiangsu, China",True
Career Technology (Mfg.) Co. Ltd.,"248 Bo'ai Street, Shulin District, Taipei, Taiwan",True
"Catcher Technology Co., Ltd.","No. 21, Gucheng Road, Suzhou-Suqian Industrial Park, Suqian, Jiangsu, China",True
"Catcher Technology Co., Ltd.","No. 107, Changyang Street, Industrial Park, Suzhou, Jiangsu, China",True
"Catcher Technology Co., Ltd.","Xiangtai Road west side, Lion River South Side, Economic Development Zone, Taizhou, Jiangsu, China",True
Cathay Tat Ming Precision Metal Products Co. Ltd.,"Yuyuan 4 Road, Yuyuan Industrial Zone, Huangjiang Town, Dongguan, Guangdong, China",True
Cathay Tat Ming Precision Metal Products Co. Ltd.,"No. 2, Section A, Bai'gong'ao Industrial Zone, Xikeng Xinwei Sector, Fumin, Guanlan, Bao'an, Shen- zhen, Guangdong, China",True
Cathay Tat Ming Precision Metal Products Co. Ltd.,"No. 5 Furong 3rd Road, Xishan Economic Development Zone, Wuxi, Jiangsu, China",True
Cheng Loong Corp.,"No. 48 Tengfeng 3rd Road, Chengdu, Sichuan, China",True
Cheng Loong Corp.,"No. 1 Tengfei 11th Road, Southwest Air Harbor Development Economic Zone, Chengdu, Sichuan, China",True
Cheng Loong Corp.,"Dongyie Street, Industry District, Houjie Town, Dongguan, Guangdong, China",True
Cheng Loong Corp.,"No. 888 Fuyan Road., Weishi County, Kaifeng, Henan, China",True
Cheng Loong Corp.,"No. 98, B Zone, Guilin Road, Kunshan, Jiangsu, China",True
Cheng Loong Corp.,"399 Xiupu Road, Kangqiao Industrial Zone, Nanhui District, Shanghai, China",True
Cheng Uei Precision Industry Co. Ltd. (Foxlink),"8th, Long Keng Industry District, QianMei Road, Dong Keng, Dongguan, Guangdong, China Changlong District, Huangjiang town, Dongguan, Guangdong, China",True
Cheng Uei Precision Industry Co. Ltd. (Foxlink),"Industry Street, Dong-Keng, Dongguan, Guangdong, China",True
Cheng Uei Precision Industry Co. Ltd. (Foxlink),"Junda Industry Disctict, DongKeng, Dongguan, Guangdong, China",True
Cheng Uei Precision Industry Co. Ltd. (Foxlink),"No. 1, Xinfeng Street, Chang Long Village, Huang Jiang Town, Dongguan, Guangdong, China",True
Cheng Uei Precision Industry Co. Ltd. (Foxlink),"No. 6, Zhengwei Road, Jinxi Town, Kunshan, Jiangsu, China",True
Cheng Uei Precision Industry Co. Ltd. (Foxlink),"Dongxia Road North, Shantou, Guangdong, China",True
China Circuit Technology Corp.,"Wanji Industrial District, Longhu, Shantou, Guangdong, China",True
China Circuit Technology Corp.,"Jingang BoulevaRoad, Jinlong Science and Technology Park, Baixiang North Town, Yueqing, Wen- zhou, Zhejiang, China",True
China Jinlong Holding Group,"No. 50 Xingye Road, Jianghai District ,Jiangmen, Guangdong, China",True
Citizen Electronics Co. Ltd.,"529000, Jiangmen, Guangdong, China",True
Citizen Electronics Co. Ltd.,"539-21, Koasumi, Fujiyoshida, Yamanashi, Japan",True
Citizen Electronics Co. Ltd.,"6-2, Kouyoudai, Funehiki-cho, Tamura, Fukushima, Japan",True
CN Innovations Holdings Ltd.,"No. 58 Zhenxing Road, Dagang Zhen, Nansha District, Guangzhou, Guangdong, China",True
CN Innovations Holdings Ltd.,"No. 3 Yayuan Road, Bantian Sub-district, Longgang District, Shenzhen, Guangdong, China",True
CN Innovations Holdings Ltd.,"No. 34 Dongjing Industry Park, No. 9 Dongfu Road, SIP, Suzhou, Jiangsu, China",True
Coilcraft Inc.,"Putian Village, Xiyang Town, Meizhou, Guangdong, China",True
Coilcraft Inc.,"No. 5 Guangtonnan Road, Dongfeng West Street, Weinan, Shanxi, China",True
Coilcraft Inc.,"Jln Aster, Lot SD37-38, Lobam, Bintan, Indonesia",True
Coilcraft Inc.,"Bac Chu Lai Industrial Park, Chu Lai Open Economic Zone. Tam Hiep, Nui Thanh, Quang Nam, Vietnam",True
Compal Electronics Inc.,"No. 68-2 Suyuan Road, Nanjing Export Processing Zone South Area, Nanjing, Jiangsu, China",True
Compeq Manufacturing Co. Ltd.,"No. 168 Huguang Road, Huzhen Town, Boluo County, Huizhou, Guangdong, China",True
Compeq Manufacturing Co. Ltd.,"4D Block, Suchun Industrial Square, No.428, Xinglong Street, Suzhou Industrial Park, Suzhou, Jiang- su, China",True
Compeq Manufacturing Co. Ltd.,"No. 91, Lane 814, Ta Hsin Road, Shin Chuang Village, Lu Chu Hsiang, Taoyuan, Taiwan",True
Coretronic Corp.,"No. 2, Guoyuan 1st Road, East Zone, Guangzhou Economic and Technological Development District, Guangzhou, Guangdong, China",True
Corning Inc.,"No. 33 Section 2, Haundong Road, Tainan Scientific Industrial Park, Tainan, Taiwan",True
Corning Inc.,"680 East Office St., Harrodsburg, Kentucky, United States",True
Cosmosupplylab Ltd.,"Guanhuang Middle Road , Xiansha Industry, Gaobu Town, Dongguan, Guangdong, China",True
Cosmosupplylab Ltd.,"Zhongxin Middle Road, Xiansha Industry, Gaobu Town, Dongguan, Guangdong, China",True
Cosmosupplylab Ltd.,"North Square Road , Xiansha Industry, Gaobu Town, Dongguan, Guangdong, China",True
Cowell E Holdings Inc.,"No. 1, Songbo Road, Huanan Industrial Area, Liaobu Town, Dongguan, Guangdong, China",True
Coxon Precise Industrial Co. Ltd.,"West No. 3 Zhongnan South Road, Haibin District, Shangsha Village Chang'an Town, Dongguan, Guangdong, China",True
Coxon Precise Industrial Co. Ltd.,"Zhenan 1st road, 6th Industrial District, Shangsha Villlage, Chang'an Town, Dongguan, Guangdong, China",True
CymMetrik Enterprise Enterprise Co. Ltd.,"Factory 8, Industrial Park of Weishi County, Kaifeng, Henan, China",True
CymMetrik Enterprise Enterprise Co. Ltd.,"No. 168 Chuyang Road, Lujia Town, East part of Economic and Technical Development Zone, Kun- shan, Jiangsu, China",True
CymMetrik Enterprise Enterprise Co. Ltd.,"Xinhua Road, Xingwei Community, Fuyong Street, Bao'an, Shenzhen, Guangdong, China",True
Dai-Ichi Seiko Co. Ltd.,"2455-1 Takata, Chikuzen-machi, Asakura-gun, Fukuoka, Japan",True
Dai-Ichi Seiko Co. Ltd.,"12 Hokuryo-cho, Matsue, Shimane, Japan",True
Dai-Ichi Seiko Co. Ltd.,"863 MitsUnited Stateswa, Ogori, Fukuoka, Japan",True
Dai-Ichi Seiko Co. Ltd.,"55 Yishun Industrial Park A., Singapore",True
Dai-Ichi Seiko Co. Ltd.,"Block 2 Woodlands Sector 1, No. 01-24, Woodlands Spectrum 1, Singapore",True
Daikin Industries Ltd.,"1-1, Nishi-Hitotsuya, Settsu, , Osaka, Japan",True
Daikin Industries Ltd.,"2252 State Docks Road, Decatur, Alabama, United States",True
Daikin Industries Ltd.,"85 Winter Street, Hanover, Massachusetts, United States",True
Darfon Electronics Corp.,"No. 99 Zhuyuan Road, New District, Suzhou, Jiangsu, China",True
Delta Group,"Chenzhou Export Processing Zone, Bailu Tang Town, Suxian District, Chenzhou, Hunan, China",True
Delta Group,"No. 168, Kat City Road WuJiang City Economic Development Zone, Suzhou, Jiangsu, China",True
Delta Group,"No. 168, No. 15 Coastal Way, Tianjin Port Free Trade Zone, Tianjin, China",True
Delta Group,"1688 Jiangxing East Road, Wujiang Economy Development Zone, Wujiang, Jiangsu, China",True
Delta Group,"Wellgrow Industrial Estate, 111 Moo 9, Soi 11, Bangna-Trad Road, Tambol Bangwua, Bang Pakong, Chachoengsao, Thailand",True
Dexerials Corporation,"18 Satuki-cho, Kanuma-shi, Tochigi, Japan",True
Dialog Semiconductor GmbH,"La Chantrerie - BP 70602; 44306 Mamtes Cedex 3, Nantes, France",True
Dialog Semiconductor GmbH,"Vestre Rosten 79, Tiller, Norway",True
Dialog Semiconductor GmbH,"ACP Bldg., 102 Accuracy Drive, Corner Excellence Ave, Carmelray Industrial Park, 1, Canlubang, Calamba, Laguna, Philippines",True
Dialog Semiconductor GmbH,"Unit 6, Mitchell Point, Ensign Way, Hamble-le-Rice, Hampshire, United Kingdom",True
Dialog Semiconductor GmbH,"1150 E. Cheyenne Mountian Blvd, Colorado Springs, Colorado, United States",True
Dialog Semiconductor GmbH,"2325 Orchard Parkway, San Jose, California, United States",True
Diodes Inc.,"No. 8 Kexin Road, Chengdu Hi-Tech Zone (West Park), Chengdu, 611731, P.R. China, Chengdu, Sich- uan, China",True
Diodes Inc.,"No.999 Chenchun Road, Xinqiao Town, Songjiang District, Shanghai, China",True
Diodes Inc.,"Plant No.1, Lane 18, San Zhuang Road, Songjiang Export Zone, Shanghai, China",True
Diodes Inc.,"Waldweg 7, Neuhaus am Rennweg, Thuringia, Germany",True
Diodes Inc.,"Zetex Technology Park, chadderton, Oldham, United Kingdom",True
Diodes Inc.,"777 Northwest Blue Parkway, Suite 350 , Lee's Summit, Missouri, United States",True
"DSM Engineering Plastics Co., Ltd.","No. 18 Pan Long Shan Road, Jiangyin, Jiangsu, China",True
"DSM Engineering Plastics Co., Ltd.","Eerste Bokslootweg 17, 7821 AT Emmen, Emmen, Netherlands",True
"DSM Engineering Plastics Co., Ltd.","Postbus 1077, 6160 BB Geleen, Geleen, Netherlands",True
Dynapack International Technology Corp.,"No. 8 Huagang Road, Wujiang Economic and Technological Development Zone, Suzhou, Jiangsu, China",True
"E-Litecom Co., Ltd.","Hengkeng Sanhe Industry Complex Liaobu Town, Dongguan, Guangdong, China",True
"E-Litecom Co., Ltd.","4th Standard Workshop, 117th on Mei Yu Road, Wuxi New District, Wuxi, Jiangsu, China",True
Ellington Electronics Technology Group,"No. 88 Gaoping Chemical and Industrial Zone, Sanjiao Town, Zhongshan, Guangdong, China",True
Fairchild Semiconductor International,"1 Sutong Road, China-Singapore Suzhou Industrial Park, Suzhou, Jiangsu, China",True
Fairchild Semiconductor International,"420-711 82-3, Dodang-Dong, Wonmi-District, Bucheon, Gyeonggi-Do, South Korea",True
Fairchild Semiconductor International,"Mactan Export Zone I, Lapulapu, Cebu, Philippines",True
Fairchild Semiconductor International,"Crestwood Industrial Park, 125 Crestwood Road, MountainTop, Pennsylvania, United States",True
Fairchild Semiconductor International,"333 Western Ave, South Portland, Maine, United States",True
Fairchild Semiconductor International,"3333 West 9000 South, West Jordan, Utah, United States",True
Flexium Interconnect Inc.,"No. 1399, Hanpu Road, Hi-Tech Industrial Park, Kunshan, Jiangsu, China",True
Flexium Interconnect Inc.,"No. 23, Juguang 1st St., Tafa Industrial Park, Daliao District, Kaohsiung, Taiwan",True
Flextronics Sales and Marketing (A-P) Ltd.,"Avenida Liberdade, 6315, Iporanga â€“ Sorocaba, Sao Paulo, Brazil",True
Flextronics Sales and Marketing (A-P) Ltd.,"Flextronics Industrial Zone, Shi Da Road, Da Ling Shan, Dongguan, Guangdong, China",True
Flextronics Sales and Marketing (A-P) Ltd.,"Plot No 3 Phase III, SIPCOT Industrial Park, Sandavellur Village, Sriperumbuthur, Kanchipuram, Tamilnadu, India",True
Flextronics Sales and Marketing (A-P) Ltd.,"12455 Research Blvd., Austin, Texas, United States",True
"Fortune Grand Enterprise Co., Ltd.","No. 35, Chunqiu Road, Panyang Industrial Zone Huangda Town, Xiangcheng District, Suzhou, Jiang- su, China",True
"Foster Electric Co., Ltd.","Workshop No. 1, Candy and Food Industrial Zone, Chongzuo City Industrial Zone, Chongzuo, Guangxi, China",True
"Foster Electric Co., Ltd.","Dalong Street, Jiushuikeng Village, Panyu District, Guangzhou, Guangdong, China",True
"Foster Electric Co., Ltd.","No. 8, 11 Keyuan East Road, Nanning New High-Technology Industrial Zone, Nanning, Guangxi, China",True
"Foster Electric Co., Ltd.","Building 7, No. 1 Zongbu Road, Nanning New High Technology Industrial Zone",True
"Foster Electric Co., Ltd.","Street No. 07, Hoa Khanh Industrial Zone Lien Chieu District, Da Nang, Vietnam",True
"Foster Electric Co., Ltd.","Street No. 1, Hoa Cam industrial Zone, Cam Le district, Da Nang, Vietnam",True
"Foster Electric Co., Ltd.","No. 20, VSIP II Street 5, Vietnam Singapore Industrial Park II, Hoa Phu waRoad, Thu Dau Mot, Binh Duong, Vietnam",True
"Foster Electric Co., Ltd.","No. 1, Street 11, VSIP Bac Ninh, Tu Son, Bac Ninh, Vietnam",True
Foxconn Interconnect Technology (FIT),"No.99 Jiannan Road, Jiannan Street, Fengcheng, Jiangxi, China",True
Foxconn Interconnect Technology (FIT),"No. 168 Fushikang Road, Huai'an Economic Development Zone, Huai'an, Jiangsu, China",True
Foxconn Interconnect Technology (FIT),"No. 889 Fushikang Road, High Technology Industry Park, Kunshan Development Zone, Kunshan, Jiangsu, China",True
Foxconn Interconnect Technology (FIT),"Baoyuan Technology Area, DaShuiKeng, GuanLan Town, Longhua New Distict, Shenzhen, Guang- dong, China",True
Foxconn Interconnect Technology (FIT),"Foxconn Longhua Technology Park, #2 2nd Donghuan Road, 10th Yousong Industrial District, Long- hua Town, Bao'an, Shenzhen, Guangdong, China",True
Foxconn Interconnect Technology (FIT),"37 Street, Dinh Tram Industry Zone, Viet Yen, Bac Giang, Vietnam",True
Fujikura Ltd.,"Build A-B, No. 1411 Yecheng Road, Jiading Industrial Zone, Shanghai, China",True
Fujikura Ltd.,"Building 56A, No.199 Riying North Road, Waigaoqiao Free Trade Zone, Shanghai, China",True
Fujikura Ltd.,"612/12, Moo 9, Kabinburi Industrial Zone, Tambol Nongki, Amphur Kabinburi, Prachin Buri, Thailand",True
Fujikura Ltd.,"1/80 Moo 5, Rojana Industrial Park, Rojana Road, Tambol Kanham, Amphur U-Thai Pranakorn Sri, Ayutthaya, Thailand",True
Fujikura Ltd.,"101/2 Moo 20, Navanakorn Industrial Zone, Phaholyothin Road, Khlong Luang, Pathum Thani, Thailand",True
Fujikura Ltd.,"55/25 Moo 13 Navanakorn Industrial Estate, Paholyothin Road, Klong Nueng, Khlong Luang, Pathum Thani, Thailand",True
Fujikura Ltd.,"Northern Region Industrial Estate, 68/1 Moo 4 Tambol, Lamphun, Thailand",True
Furukawa,"No. 169, Putian Road, Weiting Town, Suzhou Industrial Zone, Suzhou, Jiangsu, China",True
"Gemalto, Inc.","No. 1118, Jin Hu Road. Pudong, Shanghai, China",True
"Gemalto, Inc.","Calle 9, Este NÂ° 192 CIVAC Jiutepec - Morelos, Cuernavaca, Mexico",True
"Gemalto, Inc.","101 Park Drive, Montgomeryville, Pennsylvania, United States",True
Genius Electronic Optical Co. Ltd.,"No. 8 Chuangxin Road, Torch High-Tech Industrial Zone, Xiamen, Fujian, China",True
GoerTek Inc.,"West Changan South Road and North Tengfei Road, Yishui County, Linyi, Shandong, China",True
GoerTek Inc.,"No. 268 Dongfang Road, High-Tech Industrial Development Zone, Weifang, Shandong, China",True
GoerTek Inc.,"Lot K-08, Que Vo industrial park, Nam Son commune, Bac Ninh, Vietnam",True
Hama Naka Shoukin Industry Co. Ltd.,"No. 1 Gaoding Road, Kunshan Development Zone, Kunshan, Jiangsu, China",True
Heesung Electronics Ltd.,"No. 30, Xingyou Road, Nanjing Economic and Technology Development Zone, Nanjing, Jiangsu, China",True
Henkel Corporation,"No. 90 Zhu Jiang Road , Yantai Economic Technological Development Zone, Yantai, Shandong, China",True
Henkel Corporation,"28 Norfolk Ave., South Easton, Massachusetts, United States",True
Heptagon Advanced Micro-Optics Pte Ltd.,"26 Woodlands Loop, Level 1, Singapore",True
HI-P International Ltd.,"Block 3 and 4, No. 955, Jinhai Road, Shanghai, China",True
HI-P International Ltd.,"No 96 and No 102, Jinwen Road, Zhuqiao Airport Industrial Zone, Pudong New Area, Shanghai, China",True
HI-P International Ltd.,"No. 38, Jinliang Road, Pudong, Shanghai, China",True
HI-P International Ltd.,"No. 77 Jinwen Road, Zhuqiao Airport Industrial Zone, Pudong New Area, Shanghai, China",True
HI-P International Ltd.,"No. 86, Lufeng Road, Guoxiang Street, Hedong Industrial Park, Wuzhong District, Suzhou, Jiangsu, China",True
Hirose Electric Co. Ltd.,"191-1 Oaza Urushikawa Aza Tamatsubaki, Goshogawara, Japan",True
Hirose Electric Co. Ltd.,"1-23, Yoshinosawa, Shikura-cho, Iwaki, Fukushima, Japan",True
Hirose Electric Co. Ltd.,"63-25 Nishiura Aisaricho, Kitakami, Japan",True
Hirose Electric Co. Ltd.,"2-31-1 Toyomane, Yamadacho, Shimoheigun, Miyako, Iwate, Japan",True
Hirose Electric Co. Ltd.,"21-2 Kubota Dai-2 Chiwariaza Akamae, Miyako, Iwate, Japan",True
Hirose Electric Co. Ltd.,"55-1, Jiwari, TagUnited Statesri, Miyako, Iwate, Japan",True
Hirose Electric Co. Ltd.,"46-3 Aza Nishi, Niida, Tagajou, Miyagi, Japan",True
Hirose Electric Co. Ltd.,"3215, Shimoizawa, Fuchumachi , Toyama, Japan",True
Hirose Electric Co. Ltd.,"415 Funahashi, Funahashi Ville, Nakaniwa County, Toyama, Japan",True
Hirose Electric Co. Ltd.,"509-36, Soejima, Fuchumachi, Toyama, Japan",True
Hirose Electric Co. Ltd.,"1261-10, Jeongwang-Dong, Siheung, Gyeonggi-Do, South Korea",True
"Hon Hai Precision Industry Co., Ltd. (Foxconn)","Block A, Avenida Caminho de Goias 100, Rodovia Anhanguera km 66, Bairro dos Fernandes, CEP 13214-870, Sao Paulo, Brazil",True
"Hon Hai Precision Industry Co., Ltd. (Foxconn)","Block B, Avenida Caminho de Goias 100, Rodovia Anhanguera km 66, Bairro dos Fernandes, CEP 13214-870, Sao Paulo, Brazil",True
"Hon Hai Precision Industry Co., Ltd. (Foxconn)","No. 888 Hezuo Road, Comprehensive Bonded Zone, Chengdu High Technology Western Park, Chengdu, Sichuan, China",True
"Hon Hai Precision Industry Co., Ltd. (Foxconn)","No. 168 Hezuo Road, Chengdu High Technology Western Park, Chengdu, Sichuan, China",True
"Hon Hai Precision Industry Co., Ltd. (Foxconn)","No. 35, Huabao North Road, Chengxi Industrial Zone, Chancheng District, Foshan, Guangdong, China",True
"Hon Hai Precision Industry Co., Ltd. (Foxconn)","Foxconn Technology Development Zone, Hebi, Henan, China",True
"Hon Hai Precision Industry Co., Ltd. (Foxconn)","No. 99 Fuxing Avenue, Xitang Town, Jiashan, Zhejiang, China",True
"Hon Hai Precision Industry Co., Ltd. (Foxconn)","No. 1216 Lanhua Road, Jincheng Economic and Technology Development Zone, Jincheng, Shanxi, China",True
"Hon Hai Precision Industry Co., Ltd. (Foxconn)","Huling Industry Park, Huanghe River Road, Jiyuan, Henan, China",True
"Hon Hai Precision Industry Co., Ltd. (Foxconn)","No. 299 Nansong Road, Yu Shan Town, Kunshan, Jiangsu, China",True
"Hon Hai Precision Industry Co., Ltd. (Foxconn)","No. 880 Zizhu Road, Hi-Tech Industrial Zone, Kunshan, Jiangsu, China",True
"Hon Hai Precision Industry Co., Ltd. (Foxconn)","No. 55 Guilin Road, Kunshan Comprehensive Bonded B Zone, Kunshan, Jiangsu, China",True
"Hon Hai Precision Industry Co., Ltd. (Foxconn)","Longhe Technology Industry Zone, Southern Construction Road, Anci District, Langfang, Hebei, China",True
"Hon Hai Precision Industry Co., Ltd. (Foxconn)","No. 1925 Nanle Road, Songjiang Export Processing Zone, Shanghai, China",True
"Hon Hai Precision Industry Co., Ltd. (Foxconn)","Hongguan Science and Technology Park, Dashuikeng Village, Guanlan Street, Guanlan, Shenzhen, Guangdong, China",True
"Hon Hai Precision Industry Co., Ltd. (Foxconn)","Building 8, Foxconn Guanlan Technology Park B District, DaSan Community, Guanlan Town, Bao'an, Shenzhen, Guangdong, China",True
"Hon Hai Precision Industry Co., Ltd. (Foxconn)","Foxconn Guanlan Technology Park North site, Dashuikeng Village Guanlan Town, Bao'an, Shenzhen, Guangdong, China",True
"Hon Hai Precision Industry Co., Ltd. (Foxconn)","Foxconn Longhua Technology Park, No. 2 2nd Donghuan Road, 10th Yousong Industrial District, Longhua Town, Bao'an, Shenzhen, Guangdong, China",True
"Hon Hai Precision Industry Co., Ltd. (Foxconn)","No. 1 Longfei Street, Economy and Technology Development Zone, Taiyuan, Shanxi, China",True
"Hon Hai Precision Industry Co., Ltd. (Foxconn)","General Bonded Zone, East Zhenxing Road, Zhengzhou Airport, Zhengzhou, Henan, China",True
"Hon Hai Precision Industry Co., Ltd. (Foxconn)","No 7. Workshop, Export Processing District, 9th Avenue, Economy and Technology Development Zone, Zhengzhou, Henan, China",True
"Hon Hai Precision Industry Co., Ltd. (Foxconn)","No. 9 Jianye East Road, Torch Hi-Tech Development Zone, Zhongshan, Guangdong, China",True
"Hon Hai Precision Industry Co., Ltd. (Foxconn)","No. 6, Sec. 2, Huandong Road, Xinshi District, Tainan, Taiwan",True
IBIDEN Co. Ltd.,"No. 1049, Jalan Perindustrian Bukit Minyak 8, Kawsan Perindustrian Bukit Minyak, Penang, Malaysia",True
INB Electronics Limited,"Xiangshuihe Industrial Area, Dayawan Development District, Huizhou, Guangdong, China",True
INB Electronics Limited,"Building 2, Area 1, Industrial Area of Huaide Cuihai, Fengtang Road, Fuyong Street, Shenzhen, Guangdong, China",True
Infineon Technologies AG,"Siemensstrabe 2, Villach, Austria",True
Infineon Technologies AG,"Konigsbrucker Str. 180, Dresden, Saxony, Germany",True
Infineon Technologies AG,"Wernerwerkstr. 2, Regensburg, Bavaria, Germany",True
Infineon Technologies AG,"Free Trade Zone, Jalan Batu Berendam, Batu Berendam, Malacca, Malaysia",True
Infineon Technologies AG,"Lot 10 and 11, Kulim Hi-Tech Park, Kedah Darul Aman, Jalan",True
Infineon Technologies AG,"Hi-Tech 7, Industrial Zone Phase II, Kulim, Kedah, Malaysia",True
Infineon Technologies AG,"Prol. Los Cabos 9234, Parque Industrial Pacifico, Tijuana, Baja California, Mexico",True
Intel Corp.,"Cardiff Road, Newport, South Wales, United Kingdom",True
Intel Corp.,"No. 8-1 Kexin Road, High-Tech Zone West Park, Chengdu, Sichuan, China",True
Intel Corp.,"No. 109 Huaihe East Road, Dalian, Liaoning, China",True
Intel Corp.,"Collinstown Industrial Park, Leixlip, Ireland",True
Intel Corp.,"New Industrial Area 2 Tzoran Street, Kiryat Gat, Israel Bayan Lepas Industrial Park IV, Penang, Malaysia",True
Intel Corp.,"4500 South Dobson Road, Chandler, Arizona, United States",True
Intel Corp.,"2501 NW 229th Avenue, Hillsboro, Oregon, United States",True
Intel Corp.,"Rio Rancho Blvd SE, Rio Rancho, New Mexico, United States",True
Intel Corp.,"Lot I2, Saigon Hi-Tech Park, District 9, Ho Chi Minh, Binh Duong, Vietnam",True
Interflex Co. Ltd.,"930, Gosaek-dong, Gwonseon-gu, Suwon, Gyeonggi-Do, South Korea",True
Intramedia Inc.,"No. 11 Haiyi Road, Ching Tou Village, Chang'an Town, Dongguan, Guangdong, China",True
Intramedia Inc.,"No. 189 Tangzhuang Road, Suzhou Industrial Park, Suzhou, Jiangsu, China",True
InvenSense Inc.,"1F, 9 Prosperity 1st Road, Hsinchu, Taiwan",True
Inventec Corp.,"No. 789, Puxing Road, Minhang District, Shanghai, China",True
Jabil Circuit Inc.,"No. 1, Section 3, Chuangxin Road, Chongzhou Economic Development District, Chengdu, Sichuan, China",True
Jabil Circuit Inc.,"No. 128 Juncheng Road, Guangzhou Economic and Technology Development Zone, Guangzhou, Guangdong, China",True
Jabil Circuit Inc.,"No. 1199, Hulin Road, Huangpu District, Guangzhou, Guangdong, China",True
Jabil Circuit Inc.,"Ganpi Village, Zhenlong Town, Huiyang District, Huizhou, Guangdong, China",True
Jabil Circuit Inc.,"No. 2073, Jincheng Road, Shajing Street, Bao'an District, Shenzhen, Guangdong, China",True
Jabil Circuit Inc.,"No. 7 Yangqing Road, Lou Feng Demonstrative S.I.P, Suzhou, Jiangsu, China",True
Jabil Circuit Inc.,"No. 21, Saidashiji Road., Xiqing Economic Development Zone, Tianjin, China",True
Jabil Circuit Inc.,"Lot J9, J10 Export Processing Zone, Wuxi, Jiangsu, China",True
Jabil Circuit Inc.,"No. 84-2. Block B, National Hi-Tech Industrial Development Zone, Wuxi, Jiangsu, China",True
Japan Aviation Electronics Industry Ltd.,"5-1, Oaza Seinofukuro 5-chome, Hirosaki, Aomori, Japan",True
Japan Aviation Electronics Industry Ltd.,"4102-6, Aza Takadaishinden, Oaza Izumida, Shinjo, Yamagata, Japan",True
Japan Display Inc.,"Xinyang Road Dengwu Village, Qiaotou Town, Dongguan, Guangdong, China",True
Japan Display Inc.,"No. 1 Central Avenue, Area B, Kunshan Free Trade Zone, Kunshan, Jiangsu, China",True
Japan Display Inc.,"26-2, Yamadasenden, Kawakita, Nomi-gun, Ishikawa, Japan",True
Japan Display Inc.,"3300 Hayano, Mobara, Chiba, Japan",True
Japan Display Inc.,"1-47, Iwauchi-machi, Nomi, Ishikawa, Japan",True
Jarllytec Co. Ltd.,"No. 13, Wugong 5th Road, Hsin Chung Dist, New Taipei City, Taipei, Taiwan",True
Kaneka Corp.,"Lot 123-124, Jalan Gebeng 2/3, Gebeng Industrial Estate, Kuantan, Pahang Darul Makmur, Malaysia",True
Kaneka Corp.,"14, Kinugaoka, Moka, Tochigi, Japan",True
Kemet Corp.,"No. 99, Yangpu Road, Suzhou, Jiangsu, China",True
Kemet Corp.,"Via San Lorenzo 19, Sasso Marconi, Bologna, Italy",True
Kemet Corp.,"Av. Eloy Cavazos 7908 OTE. Colonia Rancho Viejo, Guadalupe, Nuevo Leon, Mexico",True
Kemet Corp.,"Av. Carlos Salazar y Bulevar Manuel Cavazos Lerma No. 15, H. Matamoros, Tamaulipas, Mexico",True
Kemet Corp.,"Av. las Americas 780 Ote., Colonia, Victoria, Tamaulipas, Mexico",True
Knowles Corp.,"No. 20 Tongji South Road, Beijing Economic-Technological Development Area, Beijing, China",True
Knowles Corp.,"No. 379 Middle Suhong Road, Suzhou Industrial Park, Suzhou, Jiangsu, China",True
Knowles Corp.,"Plot 104, Lebuhraya Kampung Jawa, Bayan Lepas Industrial Estate, Penang, Malaysia",True
"Kyocera Circuit Solutions, Inc.","78/2 Moo1 Wellgrow Industrial Estate, Bangna-Trad KM. 36 Road, Homsil, Bang Pakong, Chachoeng- sao, Thailand",True
"Kyocera Circuit Solutions, Inc.","Long Binh Techno Park (LOTECO) EPZ, Long Binh WaRoad, Bien Hoa, Dong Nai, Vietnam",True
Kyocera Group,"No. 8 Jingci Road, New City District, Shilong Town, Dongguan, Guangdong, China",True
Kyocera Group,"Dvorakova 328, Lanskroun, Czech Republic",True
Kyocera Group,"Sokolovska 573, Uherske Hradiste, Czech Republic",True
Kyocera Group,"1166-1 Hebimizo-cho, Higashiomi, Shiga, Japan",True
Kyocera Group,"1-1 Kokubuyamashita-cho, Kirishima-shi, Kagoshima, Japan",True
Kyocera Group,"3-1-11 Osachi Kohagi, Okaya, Nagano, Japan",True
Kyocera Group,"1810 Taki-cho, Satsumasendai, Kagoshima, Japan",True
Kyocera Group,"560 Nyuzen, Nyuzen-machi, Shimoniikawa-gun, Toyama, Japan",True
Kyocera Group,"801 South 17th Avenue, Myrtle Beach, South Carolina, United States",True
Laird Technologies,"28 Huanghe South Road, Kunshan Economy and Technology Development Zone, Kunshan, Jiangsu, China",True
Laird Technologies,"No. 398 Yuandian Road, Xin Zhuang Industrial Zone, Shanghai, China",True
Laird Technologies,"No. 8 Pengfeng Road, Songjiang, Shanghai, China",True
Laird Technologies,"Building 1, Dejin Industrial Park, Fuyuanyi Road, Heping Community, Fuyong Town, Bao'an District, Shenzhen, Guangdong, China",True
"Largan Precision Co., Ltd.","No. 18, Tutong First Industrial District, Tutong, Changping, Dongguan, Guangdong, China",True
"Largan Precision Co., Ltd.","No. 11, Jingke Road, Nantun Dist., Taichung, Taiwan",True
Lateral Solutions Pte Ltd.,"Building 3, No. 158 Fengjiang Road, Suzhou, Jiangsu, China",True
Lateral Solutions Pte Ltd.,"No 6. Century Middle Road ,New Century Economic Area, Wuqing, Tianjin, China",True
Lateral Solutions Pte Ltd.,"No. 2 and 4, Jalan Gemilang 3, Kawasan Perindustrian Desa Cemerlang, Ulu Tiram, Johor, Malaysia",True
Lens One Technology,"Huangxing Road,Langli Town, Changsha, Hunan, China",True
Lens One Technology,"Lens Technology Zone, Liuyang Biomedical Industrial Estate, Changsha, Hunan, China",True
LG Chem Ltd.,"No. 17 Hengyi Road,Nanjing Economic and Technology Development Zone, Nanjing, Jiangsu, China",True
LG Chem Ltd.,"8B Ochang Scientific Local Industrial Complex 1114-Namchon-ri Oksan-Myeon, Cheungwon-Gun, Chungcheongbuk-Do, South Korea",True
LG Display Co. Ltd.,"No. 59 Kaitai Road, Science City of Guangzhou, High-Tech Industrial Development Zone, Guang- zhou, Guangdong, China",True
LG Display Co. Ltd.,"No. 1, LG Road, LG Industrial Park, Nanjing Economic and Technology Development Zone, Nanjing, Jiangsu, China",True
LG Display Co. Ltd.,"A-33 Ao'men Road, Nanjing Economic and Technology Development Zone, Yantai, Shandong, China",True
LG Display Co. Ltd.,"No. 2 Beijing Middle Road, Development Zone, Yantai, Shandong, China",True
LG Display Co. Ltd.,"42-3, Jinpyung-dong, Gumi, Gyeongsangbuk-do, South Korea",True
LG Display Co. Ltd.,"1007, Deoguen-ri, Wollong-myeon, Paju, Gyeonggi-Do, South Korea",True
"LG Innotek Co., Ltd.","221, Okgye 2gongdan-ro, Gumi, Gyeongsangbuk-do, South Korea",True
"LG Innotek Co., Ltd.","66 Suchul Saero 9 Gil, Gumi, Gyeongsangbuk-do, South Korea",True
Linear Technology Corp.,"Plot 21B, Phase 4, Bayan Lepas Free Industrial Zone, Bayan Lepas, Penang, Malaysia",True
Linear Technology Corp.,"4200 Northwest Pacific Rim Blvd., Camas, Washington, United States",True
Linear Technology Corp.,"1630 McCarthy Blvd, Milpitas, California, United States",True
Lite-On Technology Corp.,"Av. Torquato Tapajos 7891, TarumÃ£, Manaus, Brazil",True
Lite-On Technology Corp.,"No. 88 Yanghu Road, Wujin Hi-Tech Industrial Development Zone, Changzhou, Jiangsu, China",True
Lite-On Technology Corp.,"No. 1 Zhen'an Road, Shangjiao Section, ChangAn Town, Dongguan, Guangdong, China",True
Lite-On Technology Corp.,"No. 59 Hong Jing Road, Eastern Section, GETDD, Guangzhou, Guangdong, China",True
Lite-On Technology Corp.,"No. 8 Guangbao Road, Science City, Luogang Area, Guangzhou, Guangdong, China",True
Lite-On Technology Corp.,"1-3/F, Block 9 and 1F, Block 8,Brightman Industrial Zone, Busha Road, Shenzhen, Guangdong, China",True
Lite-On Technology Corp.,"No. 11 Fuyuan Road, Wuqing Development Area, Tianjin, China",True
Lite-On Technology Corp.,"No. 45, Zhujiang Road, New District, Wuxi, Jiangsu, China",True
Longwell Precision Co. Ltd.,"No. 19, 2nd Industrial Avenue, Tang Xia Chong village, Song Gang town, Paoan WaRoad, Shenzhen, Guangdong, China",True
Luen Fung Group,"No. 48, Keji Road, Yuquan Industrial District South, Fenggang Town, Dongguan, Guangdong, China",True
Luen Fung Group,"No. 50, Keji Road, Yuquan Industrial District South, Fenggang Town, Dongguan, Guangdong, China",True
LUXSHARE-ICT,"No. 8 Yongyang Road, National economic and Technological Development Zone, Chuzhou, Anhui, China",True
LUXSHARE-ICT,"No. 1 Lvyin Road, Industrial Park, Ji'an, Jiangxi, China",True
LUXSHARE-ICT,"No. 399 Jinchang Road, Jinxi Town, Kunshan, Jiangsu, China",True
LUXSHARE-ICT,"No. 399, Baisheng Road, Kunshan, Jiangsu, China",True
Marian Inc.,"Floor 2, Building 3, Chaohuilou Technology Industrial Park, 180 Huating Road, Da Lang, Longhua, Shenzhen, Guangdong, China",True
Marian Inc.,"Unit 1B, Suchun Industrial Square, 428 Xinglong Street, Suzhou Industrial Park, Suzhou, Jiangsu, China",True
Maxim Integrated Products Inc.,"First Philippines Industrial Park, Santo Tomas, Batangas, Philippines",True
Maxim Integrated Products Inc.,"Gateway Business Park, Special Export Processing Zone, Baranggay Javalera, Gen Trias, Cavite, Philippines",True
Maxim Integrated Products Inc.,"700/114 Amata Nakorn Industrial Estate Moo 5 Tambon Klong Tamru, Muang District, Chonburi, Bangkok, Thailand",True
Maxim Integrated Products Inc.,"14320 SW Jenkins Road, Beaverton, Oregon, United States",True
Maxim Integrated Products Inc.,"4401 South Beltwood Parkway, Dallas, Texas, United States",True
Maxim Integrated Products Inc.,"9651 Westover Hills Blvd, San Antonio, Texas, United States",True
Maxim Integrated Products Inc.,"160 Rio Robles, San Jose, California, United States",True
Maxim Integrated Products Inc.,"3725 N 1st Street, San Jose, California, United States",True
Maxim Integrated Products Inc.,"120 San Gabriel Drive, Sunnyvale, California, United States",True
Merry Electronics Co. Ltd.,"No. 800 Kang Yuan Road, Xiang Cheng Economic Development Zone, Suzhou, Jiangsu, China",True
Micron Technology Inc.,"Zone B of Shanxi Xi'an Export Processing Zone, Xinxi Ave, Xi'an, Shanxi, China",True
Micron Technology Inc.,"89-2, Yamada, Yuwaishida, Akita, Japan",True
Micron Technology Inc.,"7-10, Yoshikawa Kogyo Danchi, Higashi , Hiroshima, Japan",True
Micron Technology Inc.,"No. 8 Ang Mo Kio, Avenue 12, Singapore",True
Micron Technology Inc.,"No 429-1 Sanfong Road, Houli Dist. Central Taiwan Science Park, Taichung, Taiwan",True
Micron Technology Inc.,"667, Fuhsing 3rd Road, Hwa Ya Technology Park, Guishan Township, Taoyuan, Taiwan",True
"Minebea Co., Ltd.","No. 5202, Lianxi Road, Jinze Town, Qingpu District, Shanghai, China",True
"Minebea Co., Ltd.","No. 1 Tongsheng Road, Suzhou Industrial Park, Suzhou, Jiangsu, China",True
"Minebea Co., Ltd.","Ban Wa High-Technology Industrial Estate, 92 Moo 1, Tambon Banlen, Amphoe Bang Pa-In, Phra Nakhon Si, Ayutthaya, Thailand",True
"Minebea Co., Ltd.","5/2 Moo 8, Phaholyothin Road, Km.149 Tambon Nikhom Sang Ton-Eng, Amphoe Muang, Muang Lopburi, Lopburi, Thailand",True
Mitsumi Electric Co. Ltd.,"No. 2 Dayangzhou Road, Qingdao West Coast Export Processing Zone, Qingdao, Shandong, China",True
Mitsumi Electric Co. Ltd.,"1601, Sakai, Atsugi-shi, Kanagawa, Japan",True
Mitsumi Electric Co. Ltd.,"1007-39, Izumisawa, Chitose, Hokkaido, Japan",True
Mitsumi Electric Co. Ltd.,"1-1059-5, Tachiyazawa, Yamagata, Japan",True
Mitsumi Electric Co. Ltd.,"MRI Special Economic Zone, Sabang, Davao, Cebu, Philippines",True
Molex Inc.,"27 Guangshun Street,Dalian Economic and Technical Development Zone, Dalian, Liaoning, China",True
Molex Inc.,"No. 889 Ying Lun Road, Wai Gao Qiao Free Trade Zone, Shanghai, China",True
Molex Inc.,"1351-2 Sumiyoshi, Yoshida, Haibara-gun, Shizuoka, Japan",True
Molex Inc.,"3949-3 Kawanishi, Kanoya, Kagoshima, Japan",True
Molex Inc.,"2607 Jalan PerUnited Stateshaan Kawasan Perindustrian, Perai, Penang, Malaysia",True
Molex Inc.,"Calzada Industrial Nuevo Nogales No. 1115, Nogales, Sonora, Mexico",True
Molex Inc.,"No. 110, International Road, Jurong Town, Singapore",True
Molex Inc.,"700 Kingbird Road, Lincoln, Nebraska, United States",True
Multi-Fineline Electronix Inc.,"No. 68 Nanhu Road, Dongwu Industrial Park, Wuzhong Economic Development Zone, Suzhou, Jiangsu, China",True
Multi-Fineline Electronix Inc.,"No. 88 Tang Dong Road, South Yin Zhong Road, Eastern River Industrial Park, Wuzhong Economic Development Zone, Suzhou, Jiangsu, China",True
"Murata Manufacturing Co., Ltd.","5F, Bldg H-5, LongHu Processing District, Shantou, Guangdong, China",True
"Murata Manufacturing Co., Ltd.","15 Cuijing Road, Shenzhen Grand Industrial Zone, Pingshan New District, Shenzhen, Guangdong, China",True
"Murata Manufacturing Co., Ltd.","No. 6, Xingchuang 1st Road, Wuxi Export Processing Zone B Zone, Wuxi, Jiangsu, China",True
"Murata Manufacturing Co., Ltd.","Lishan Village, Qianwu Town, Doumen, Zhuhai, Guangdong, China",True
"Murata Manufacturing Co., Ltd.","JI. Maligi VIII Lot S-4, Kawasan Industri KIIC, Desa Margakaya, Kecamatan Teluk Jambe, Barat Kar- awang 41361, Kabupaten Bekasi, Jawa Barat, Indonesia",True
"Murata Manufacturing Co., Ltd.","10-28, Hananomori 2-chome, Awara, Fukui, Japan",True
"Murata Manufacturing Co., Ltd.","1020, Takibe, Toyoshina, Azumino, Nagano, Japan",True
"Murata Manufacturing Co., Ltd.","1,13-go, Okamotocho, Echizen, Fukui, Japan",True
"Murata Manufacturing Co., Ltd.","52, Yanagibashi, Yanagibashimachi, Hakui, Ishikawa, Japan",True
"Murata Manufacturing Co., Ltd.","Chi-18, Sodanimachi, HakUnited Statesn, Ishikawa, Japan",True
"Murata Manufacturing Co., Ltd.","4-1, Higashiokino 4-chome, Higashiomi, Shiga, Japan",True
"Murata Manufacturing Co., Ltd.","2308, Kaminaoe, Hikawa-cho, Hikawa-gun, Shimane, Japan",True
"Murata Manufacturing Co., Ltd.","Chi-53, Ohmachi, Anamizu-Machi, Housu, Ishikawa, Japan",True
"Murata Manufacturing Co., Ltd.","93, Hikarimachi, Komatsu, Ishikawa, Japan",True
"Murata Manufacturing Co., Ltd.","190, Kashiwagi, Komoro, Nagano, Japan",True
"Murata Manufacturing Co., Ltd.","Ozowara, Echizen-cho, Nyu-gun, Fukui, Japan",True
"Murata Manufacturing Co., Ltd.","2-82, 1-chome, Miyukicho, Sabae, Fukui, Japan",True
"Murata Manufacturing Co., Ltd.","77, Fukumoto, Oku-cho, Setouchi, Okayama, Japan",True
"Murata Manufacturing Co., Ltd.","11-1, Nakae 4-chome, Sanuma, Hasama-cho, Tome, Miyagi, Japan",True
"Murata Manufacturing Co., Ltd.","345, Uwano, Toyama, Japan",True
"Murata Manufacturing Co., Ltd.","Plot 15, Bemban Industrial Park Jalan Bemban , Batu Gajah, Perak, Malaysia",True
"Murata Manufacturing Co., Ltd.","1 Yishun Avenue 7, Singapore",True
"Murata Manufacturing Co., Ltd.","Lo A1 Hoa Khanh Inductrial Zone, Lien Chieu District, Da Nang, Vietnam",True
"Murata Manufacturing Co., Ltd.","No.6, 9A Road,Bien Hoa Industrial Zone No. 2, Dong Nai, Vietnam",True
"Murata Manufacturing Co., Ltd.","1-3 Thang Long Industrial Park, Dong Anh District, Hanoi, Vietnam",True
"Murata Manufacturing Co., Ltd.","Saigon-Linh Trung Export Processing Zone No.1, Hamlet4, Linh Trung Wa Road, Thu Duc District, Ho Chi Minh, Binh Duong, Vietnam",True
"Murata Manufacturing Co., Ltd.","Land Lot No. 55 Long Jiang Industrial Park, Tan Lap WaRoad, Phuoc Tan District, Tien Giang, Vietnam",True
Nan Ya Plastics Corp.,"No. 201 Changjiang South Road, Kunshan Economic and Technical Development Zone, Kunshan, Jiangsu, China",True
Nan Ya Plastics Corp.,"No. 98, Nanlin Road, Taishan Disti, New Taipei City, Taipei, Taiwan",True
Nan Ya Plastics Corp.,"No. 338, Sec. 1 Nankan Road, Taoyuan, Taiwan",True
Nichia Corp.,"491 Oka, Kaminaka-cho, Anan, Tokushima, Japan",True
Nichia Corp.,"38-2, Kawamukoichi, Ichiba, Oasa-Cho, Naruto, Tokushima, Japan",True
Nidec Corp.,"No. 12 Huancheng North Road, Hongye (138), Industrial District, Tangxia Town, Dongguan, Guang- dong, China",True
Nidec Corp.,"136 North Science Avenue Extension, Laguna Technopark Special Economic Zone, Binan, Laguna, Philippines",True
Nidec Corp.,"Street No.18, Tan Thuan Export Processing Zone, District 7, Copal, Ho Chi Minh, Vietnam",True
Nidec Corp.,"Lot I-1d-1, Road N1, SHTP, District 9, Ho Chi Minh, Vietnam",True
Nippon Mektron Ltd.,"No. 1 Shuangdeng Road, Weiting Town, Suzhou Industrial Park, Suzhou, Jiangsu, China",True
Nippon Mektron Ltd.,"1st Floor, No.22 Xiang-Ming Road, Xiang-An District, Xiamen, Fujian, China",True
Nippon Mektron Ltd.,"No. 2006, Huang Yang Road, Doumen Town Doumen District, Zhuhai, Guangdong, China",True
Nippon Mektron Ltd.,"2626-19 Sunayama, Kamisu, Ibaraki, Japan",True
Nippon Mektron Ltd.,"1650-11-1 Okuhara-cho, Ushiku, Ibaraki, Japan",True
Nippon Mektron Ltd.,"No. 20, Guanghua Road, Sanlong Village, Daliao Township, Kaohsiung, Taiwan",True
Nippon Mektron Ltd.,"No. 48 Chung-Heng Street, Hsiao-Kang District, Kaohsiung, Taiwan",True
Nippon Mektron Ltd.,"No. 166-21, Liaozibu, Madou District, Tainan, Taiwan",True
Nippon Mektron Ltd.,"560 Moo 2, Bangpa-in Industrial Estate, Udomsorayuth Road,T.Klong-Jik, Bang Pa-In, Ayutthaya, Thailand",True
Nissha Printing Co. Ltd.,"50 Kamiyobe, Yobe-ku, Himeji, Hyogo, Japan",True
Nissha Printing Co. Ltd.,"Ro49-1 Uwagimachi, Daishoji, Kaga, Ishikawa, Japan",True
Nissha Printing Co. Ltd.,"1-1 Hinokigaoka, Minakuchi-cho, Koka, Shiga, Japan",True
Nitto Denko Corp.,"No. 210 North Riying Road, Waigaoqiao Free Trade Zone, Shanghai, China",True
Nitto Denko Corp.,"Bangkai Road, Guangming High-Technology Park, Shenzhen, Guangdong, China",True
Nitto Denko Corp.,"No. 468 Suhongzhong Road, Suzhou Industrial Park, Suzhou, Jiangsu, China",True
Nitto Denko Corp.,"919, Fuke-cho, Kameyama, Mie, Japan",True
Nitto Denko Corp.,"455-6, Hongo, Minogo-cho, Onomichi, Hiroshima, Japan",True
Nitto Denko Corp.,"18 Hirayama Nakahara, Toyohashi, Aichi, Japan",True
Nitto Denko Corp.,"1043, Gupo-dong, Gumi, Gyeongsangbuk-do, South Korea",True
Nitto Denko Corp.,"474, Hyeongok-Ri, Cheongbuk-Myeon, Pyeongtaek, Gyeonggi-Do, South Korea",True
NXP Semiconductors N.V.,"Tianmei Industrial North District A Section, Huangjiang Town, Dongguan, Guangdong, China",True
NXP Semiconductors N.V.,"Stresemannallee 101, Hamburg, Germany",True
NXP Semiconductors N.V.,"PT NO. 12687, Tuanku Jaafar, Industrial Park, Seremban, Negeri Sembilan, Malaysia",True
NXP Semiconductors N.V.,"Gertsweg 2, Nijmegen, Netherlands",True
NXP Semiconductors N.V.,"Philips Avenue, Light Industry and Science Park, Diezmo, Cabuyao, Laguna, Philippines",True
NXP Semiconductors N.V.,"10 Chin 5th Road N.E.P.Z., Kaohsiung, Taiwan",True
NXP Semiconductors N.V.,"303 Moo 3 Chaengwattana Road, Laksi , Bangkok, Thailand",True
NXP Semiconductors N.V.,"Bramhall Moor Lane, Stockport, Cheshire, Hazel Grove, United Kingdom",True
Omron Precision Technology Co. Ltd.,"Building 17, Fushi Industrial Zone, Binghe West Road, Qinhu Industry Region, Qingxi Town, Donggu- an, Guangdong, China",True
Omron Precision Technology Co. Ltd.,"The 6th Factory Building, Dianzixinxi Chuangyeyuanqu, Baishazhou Industrial Zone, Hengyang, Hunan, China",True
ON Semiconductor Corp.,"Westerring 15, B-9700, Oudenaarde, Belgium",True
ON Semiconductor Corp.,"No. 27A People West Road, Leshan, Sichuan, China",True
ON Semiconductor Corp.,"Block 6, Hua Jian Industrial Building, Shekou Industrial Zone, Shenzhen, Guangdong, China",True
ON Semiconductor Corp.,"Bozeny Nemcove 1720, Roznov pod Radhostem, Czech Republic",True
ON Semiconductor Corp.,"Lot 122 Senawang Industrial Estate, Seremban, Negeri Sembilan, Malaysia",True
ON Semiconductor Corp.,"Lot 55, Senawang Industrial Estate, Seremban, Negeri Sembilan, Malaysia",True
ON Semiconductor Corp.,"Golden Mile Business Park, Special Economic Zone, Governor's Drive Bo., Maduya, Carmona, Cavite, Philippines",True
ON Semiconductor Corp.,"71 Alps Avenue, Singapore",True
ON Semiconductor Corp.,"Gresham Fab, 23400 NE Glisan Street, Gresham, Oregon, United States",True
ON Semiconductor Corp.,"1401 N. Kings Road, Nampa, Idaho, United States",True
ON Semiconductor Corp.,"2300 West Buckskin Road, Pocatello, Idaho, United States",True
ON Semiconductor Corp.,"3080 North First Street, 95134, San Jose, California, United States",True
Panasonic Corp.,"No. 49, Tokyo Road, Free Trade Zone, Qingdao, Shandong, China",True
Panasonic Corp.,"No. 666 Lushan Road New District, Suzhou, Jiangsu, China",True
Panasonic Corp.,"No. 1 Xinghua 5th Branch, Xiqing Economic Development Zone, Tianjin, China",True
Panasonic Corp.,"JI.Raya Jakarta Bogor, Km.35 , Cimanggis, Depok, Indonesia",True
Panasonic Corp.,"Kawasan Industri MM2100 Blok.O-1-1 Kecamatan Cikarang Barat, Kabupaten Bekasi, Jawa Barat, Indonesia",True
Panasonic Corp.,"1037-2 Kamiosatsu, Chitose, Hokkaido, Japan",True
Panasonic Corp.,"401 Sadamasa, Fukui, Japan",True
Panasonic Corp.,"1786-6 Tokushige, Ijuin-Cho, Hioki, Kagoshima, Japan",True
Panasonic Corp.,"Tamiyaji, Tamaki, Watarai, Ise, Mie, Japan",True
Panasonic Corp.,"1006 Kadoma, Kadoma, Osaka, Japan",True
Panasonic Corp.,"55-12 Hama, Osumi, Kyotanabe, Osaka, Japan",True
Panasonic Corp.,"369 Nogifukutomi-cho, Matsue, Shimane, Japan",True
Panasonic Corp.,"4-5-1 Kurihara, Myoko, Niigata, Japan",True
Panasonic Corp.,"217 Omachi-cho, Omachi, Saga, Japan",True
Panasonic Corp.,"271 Higashi Kaihatsu, Tonami, Toyama, Japan",True
Panasonic Corp.,"1111-1 Shimokannuki - Kawanabe, Tsuyama, Okayama, Japan",True
Panasonic Corp.,"25 Kowata Nishinaka, Uji, Kyoto, Japan",True
Panasonic Corp.,"No. 1, Jalan Jemuju 16/13, Shah Alam, Selangor, Malaysia",True
PCH International,"1-4F Building 2, Chungkin Industrial Estate, Huaxing Road, Dalang Community, Bao'an District, Shenzhen, Guangdong, China",True
PCH International,"2-3/F, Building A West, AnHongJI Industrial Estate, Huaxing Road, Longhua Town, Bao'an District, Shenzhen, Guangdong, China",True
PCH International,"3/F, Zhongtianyuan Logistics Centre, Taohua Road, Futian Free Trade Zone, Shenzhen, Guangdong, China",True
PCH International,"F6 No. 2, Ming Ke Da Logistic Center, Hong Liu Road, Futian Free Trade Zone, Shenzhen, Guang- dong, China",True
PCH International,"Building 20, Huaning West Road, Hualian Industrial Zone, DaLang Community, Bao'an District, Longhua",True
Pegatron Corp.,"No. 88 Kaedar Road, Kunshan High-tech Industrial Park, Kunshan, Jiangsu, China",True
Pegatron Corp.,"West of Rose Road and South of Bailing Road, Kunshan Development Area, Kunshan, Jiangsu, China",True
Pegatron Corp.,"No. 3668 Xiuyan Road, KangQiao Town, PuDong New District, Shanghai, China",True
Pegatron Corp.,"No. 233 Jinfeng Road, Suzhou, Jiangsu, China",True
Philips Lumileds Lighting Co.,"No. 3, Lintang Bayan Lepas 8, Kawasan Perindustrian Bayan Lepas, Fasa 4, Mukim 12, Bayan Lepas, Penang, Malaysia",True
Philips Lumileds Lighting Co.,"370 West Trimble Road, San Jose, California, United States",True
Pioneer Material Precision Tech.,"No. 999, Avenue of Stars, Phoenix Lake Industrial Park, Yongchuan District, Chongqing, Sichuan, China",True
Pioneer Material Precision Tech.,"No. 1, Jiao Ping Avenue, Ke Yuan Cheng Industrial Park, Tangxia Town, Dongguan, Guangdong, China",True
Pioneer Material Precision Tech.,"No. 45, Nan Hu Road, Wuzhong Economic Development Zone, Suzhou, Jiangsu, China",True
Platinum Optics Technology Inc.,"No .37, Keji 2nd Road, Hua Ya Technology Park, Gueishan Township, Taoyuan, Taiwan",True
Polymatech Co. Ltd.,"No. 718, Guangzhong Road, Xinzhuang Industry Park. Minhang, Shanghai, China",True
Prent Corp.,"No. 2275, Chengliu Zhonglu, Jiading District, Shanghai, China",True
Primax Electronics Ltd.,"Er Village, Liuwu District, Shek Kit Town, Dongguan, Guangdong, China",True
Primax Electronics Ltd.,"No. 2688, Tong Xin Road, Yushan Town, Kunshan, Jiangsu, China",True
Qorvo Inc.,"No. 17 Middle Tongji Road, Beijing, China",True
Qorvo Inc.,"Zona Franca Metropolitana, Barreal De Heredia, Apartado 144-3006, Haredia, Costa Rica",True
Qorvo Inc.,"1818 S Orange Blossom Trail, Apopka, Florida, United States",True
Qorvo Inc.,"7625 Thorndike Road, Greensboro, North Carolina, United States",True
Qorvo Inc.,"2300 N.E. Brookwood Parkway, Hillsboro, Oregon, United States",True
Qorvo Inc.,"500 W.Renner Road, Richardson, Texas, United States",True
Quadrant Solutions,"No. 55 Xiacheng Road, Tonglu, Hangzhou, Zhejiang, China",True
Quanta Computer Inc.,"No. 8 Jinzhou Road, High-tech Industrial park, Changshu Economic Development Zone, Changshu, Jiangsu, China",True
Quanta Computer Inc.,"No. 68 Sanzhuang Road, Songjiang Export Processing Zone, Shanghai, China",True
Quanta Computer Inc.,"44350 Nobel Drive, Fremont, California, United States",True
Radiant Opto Electronics Corp.,"No. 11, Xinrui Road, Science City of Guangzhou High-Technology Industrial Development Zone, Guangzhou, Guangdong, China",True
Radiant Opto Electronics Corp.,"No. 35, Hengtong Road., Nanjing Economic and Technology Development Zone, Nanjing, Jiangsu, China",True
Radiant Opto Electronics Corp.,"No. 1621, Jiang Xin East Road, Economic Developing Area, Wujiang, Jiangsu, China",True
Robert Bosch GmbH,"Tuebinger Strasse 123, Reutlingen, Germany",True
"Rohm Co., Ltd.","No. 20 Four Street East and North, Dalian Economic and Technical Development Zone, Dalian, Liaoning, China",True
"Rohm Co., Ltd.","No. 7, Weisan Road, Micro-electronics, Jingang Highway. Xiqing District , Tianjin, China",True
"Rohm Co., Ltd.","883 Kamikitajima Ooaza, Chikugo, Fukuoka, Japan",True
"Rohm Co., Ltd.","100 Tomioka, Kasaoka, Kasaoka, Fukuoka, Japan",True
"Rohm Co., Ltd.","837-1 Hatakeda Aza Inadou Ooaza, Kukuhashi, Fukuoka, Japan",True
"Rohm Co., Ltd.","21 Saiin Mizosaki-cho, Ukyo-ku, Kyoto, Japan",True
"Rohm Co., Ltd.","1162 Hiyoshi, Hirokawa, Yame, Fukuoka, Japan",True
"Rohm Co., Ltd.","42-2 Munpyong-dong, Daedeok-gu, Daejeon, South Korea",True
"Rohm Co., Ltd.","371-11 Gasan-Dong, Gumcheon-ku, Seoul, South Korea",True
"Rohm Co., Ltd.","Lot 1320 Kawasan Perindustrian, Pengkalan Chepa ll, Padang Tembak, 16100 Kota Bharu, Kelantan, Malaysia",True
"Rohm Co., Ltd.","People's Technology Complex Special Economic Zone , Carmona, Cavite, Philippines",True
"Rohm Co., Ltd.","101/94, 102 Navanakom Industrial Zone, Moo 20, Phaholyothin Road, Tambol Khlong-Nueng, Khlong Luang, Pathum Thani, Thailand",True
RR Donnelley and Sons Co.,"No. 888 Ganghua Road, North Area of Chengdu Modern Industrial Park, Pixian, Chengdu, Sichuan, China",True
RR Donnelley and Sons Co.,"No. 28 Huang Sha He West Road,Xin Jiu Wei Village, Liaobu Town, Dongguan, Guangdong, China",True
RR Donnelley and Sons Co.,"No. 7699 Songze Avenue,Qingpu Industrial Zone, Shanghai, China",True
RR Donnelley and Sons Co.,"495-35 Hane, Hagiwara-cho, Gero, Gifu, Japan",True
RR Donnelley and Sons Co.,"415 Westcliff Road, Greensboro, North Carolina, United States",True
RR Donnelley and Sons Co.,"2661 South Pacific Highway, MedfoRoad, Oregon, United States",True
SABIC Innovative Plastics,"No. 1 Sulia Road, Nansha, Panyu District, Guangzhou, Guangdong, China",True
SABIC Innovative Plastics,"No. 56 Road Aidu, Waigaoqiao Free Trade Zone, Shanghai, China",True
SABIC Innovative Plastics,"1 Lexan Lane, Mt. Vernon, Indiana, United States",True
Salcomp Co. Ltd.,"Avenida dos Oitis, 4.145, Industrial District, 69075- 842, Manaus, Brazil",True
Salcomp Co. Ltd.,"No. 69, Salcomp Road, Furong Industrial Area Xinqiao, Shajing, Baoan District, Shenzhen, Guangdong, China",True
Samsung Electro-Mechanics Co. Ltd.,"Hengkeng Management Area Liaobu Town, Dongguan, Guangdong, China",True
Samsung Electro-Mechanics Co. Ltd.,"618-270 , HDI Department, 1623-2 Nocksan Industrial Complex, Song Jeong-dong, Kangseo-ku, South Korea",True
Samsung Electro-Mechanics Co. Ltd.,"314 Maetan 3-Dong, Yeongtong-gu, Suwon, Gyeonggi-Do, South Korea",True
Samsung Electro-Mechanics Co. Ltd.,"Block 5, Calamba Premiere International Park, Barangay Batino, Calamba, Laguna, Philippines",True
Samsung Electro-Mechanics Co. Ltd.,"Wellgrow Industrial Estate, 93 Moo 5 T. Bangsamak, Bang Pakong, Chachoengsao, Thailand",True
Samsung Electronics Co. Ltd.,"No. 318 Fang Zhou Road, Suzhou Industrial park, Suzhou, Jiangsu, China",True
Samsung Electronics Co. Ltd.,"No. 337 Felingli Street, Suzhou Industrial Park, Suzhou, Jiangsu, China",True
Samsung Electronics Co. Ltd.,"No. 1999 North Xiaohe Road, Xinglong Street, Chang'an District, Xi'an, Shanxi, China",True
Samsung Electronics Co. Ltd.,"No. 158 Baebang-Ro Baebang-eup, Asan, Chungcheongnam-do, South Korea",True
Samsung Electronics Co. Ltd.,"Samsung Street 181, Tangjeong-myeon, Asan, Chungcheongnam-do, South Korea",True
Samsung Electronics Co. Ltd.,"465, Beonyeong-ro, Seobuk-gu, Cheonan, Chungcheongnam-do, South Korea",True
Samsung Electronics Co. Ltd.,"No. 16 Banwol-dong, Hwaseong, Gyeonggi-Do, South Korea",True
Samsung Electronics Co. Ltd.,"1, Samsung-ro, Giheung-gu, Yongin, Gyeonggi-Do, South Korea",True
Samsung SDI. Co. Ltd.,"No. 1 Qingling Road, Yat-Sen, Scientific Industrial Park, Wuqing Development Zone, Tianjin, China",True
Samsung SDI. Co. Ltd.,"508, Seongseong-Dong, Seobuk-Gu, Cheon An, Chungcheongbuk-Do, South Korea",True
Sandisk Corp.,"No 388, East Jiang Chuan Road, Minhang District, Shanghai, China",True
Seagate Technology LLC,"Winnerway Industrial Area, Nancheng, Dongguan, Guangdong, China",True
Seagate Technology LLC,"No. 200 SU Hong Zhong Street, Suzhou Industrial Park, Suzhou, Jiangsu, China",True
Seagate Technology LLC,"No.2 Xingchuang 2nd Road, Wuxi-Singapore Industrial Park, Wuxi, Jiangsu, China",True
Seagate Technology LLC,"90 Moo 9 Tampol Sungnoen, Sungnoen, Nakhon Ratchasima, Thailand",True
Seoul Semiconductor Co. Ltd.,"1B-92 Lot, Wonsi-dong, Danwon-gu, Ansan, Gyeonggi-do, South Korea",True
Sharp Corp.,"Jin Long Industrial Area, San Zhong District, Qingxi Town, Dongguan, Guangdong, China",True
Sharp Corp.,"A2 Facility, B22-A Land Plot, Wuxi National High and New Tech Industrial Development Zone, Wuxi, Jiangsu, China",True
Sharp Corp.,"No. 21 Zhujiang Road Wuxi National High and New Tech Industrial Development Zone, Wuxi, Jiang- su, China",True
Sharp Corp.,"464 Kohgawa, Shiraki-cho, Kameyama, Mie, Japan",True
Sharp Corp.,"646-7, Shiraki Isshiki, Seki-cho, Kameyama, Mie, Japan",True
Sharp Corp.,"No. 7, VSIP II, Street 7, Vietnam-Singapore Park II, Hoa Phu Wa Road, Ho Chi Minh, Binh Duong, Vietnam",True
Shenzhen Desay Battery Technology Co. Ltd.,"Huizhou Zhongkai Hightech Industrial Development Zone, Huizhou, Guangdong, China",True
Shenzhen Desay Battery Technology Co. Ltd.,"No. 6, Zhongkai Hightech Industrial Development Zone, Huizhou, Guangdong, China",True
Shenzhen Fortunta Technology Co. Ltd.,"Niujiaolong,Tianrun Industrial Park, Zhangkengjing, Guanlan, Bao'an District, Shenzhen, Guang- dong, China",True
"Shenzhen Yuto Packaging Technology Co., Ltd","Industrial Hatching Park, Business Gathering Zone, Wulu Road Center, Changge, Henan, China",True
"Shenzhen Yuto Packaging Technology Co., Ltd","Century Avenue South,Economic Development Zone,Chongzhou City, Chengdu, Sichuan, China",True
"Shenzhen Yuto Packaging Technology Co., Ltd","No. 468 Luchang Road, Shipu District, Qiandeng Town, Kunshan, Jiangsu, China",True
"Shenzhen Yuto Packaging Technology Co., Ltd","No. 1 Shihuan Road, Shuitian Industrial Area, Shilongzai, Shiyan Town, Shenzhen, Guangdong, China",True
Shin Zu Shing Co. Ltd.,"No. 174, Jyunying St., Shulin Dist., Taipei, Taiwan",True
Simplo Technology Co. Ltd.,"No. 2 Dong Nan Ave., Changshu, Jiangsu, China",True
SK Hynix Inc.,"V2-4/02 Plot, Xiyong Comprehensive Bonded Area. B zone, Shapingba, Chongqing, Sichuan, China",True
SK Hynix Inc.,"Lot K7, Wuxi Export Processing Zone, Wuxi, Jiangsu, China",True
SK Hynix Inc.,"215, Daesin-ro, Heungdeok-gu, Cheongju, Chungcheongbuk-do, South Korea",True
SK Hynix Inc.,"2091, Gyeongchung-daero, Bubal-eub, Icheon, Gyeonggi-do, South Korea",True
Skyworks Solutions Inc.,"Calzada Gomez Morin 1690, Col. Rivera CP, Mexicali, Baja California, Mexico",True
Skyworks Solutions Inc.,"3 Bedok South Road, Singapore",True
Skyworks Solutions Inc.,"No. 6, Da-Li 1st Road, Tainan Science-Based Industrial Park, Hsin-shi, Tainan, Taiwan",True
Skyworks Solutions Inc.,"2427 West Hillcrest Drive, Newbury Park, California, United States",True
Skyworks Solutions Inc.,"20 Sylvan Road, Woburn, Massachusetts, United States",True
Solvay Specialty Polymers,"Industriepark de Bruwaan 9, 9700, Oudenaarde, Belgium",True
Solvay Specialty Polymers,"Jiangsu High-Tech Fluorochemical Industrial Park, Haiyu Town, Changshu, Jiangsu, China",True
Solvay Specialty Polymers,"17005 State Route 7, Marietta, Ohio, United States",True
Sony Corp.,"No. 7 Shenzhou Road, Science Park of GETDD, Guangzhou, Guangdong, China",True
Sony Corp.,"No. 27 Changjiang Road, New District, Wuxi, Jiangsu, China",True
Sony Corp.,"1883-43 Tsukubamachi, Isahaya, Nagasaki, Japan",True
Sony Corp.,"4000-1 Kikuyomachi Haramizu, Kikuchigun, Kumamoto, Japan",True
Sony Corp.,"5-1 Noguchi Kita, Kokubu, Kirishima-shi, Kagoshima, Japan",True
Sony Corp.,"1 Tuas Road, Singapore",True
Sony Corp.,"99/7 Moo3 Bangna-Trad Road,km3 Tambon Bangsaothong, Amphur Bangsaothong, Bangna, Samutprakarn, Thailand",True
Stanley Engineered Fastening,"3rd Industrial District, Qiaotou, Houjie Town, Dongguan, Guangdong, China",True
Stanley Engineered Fastening,"No. 11, ZhongXin Road, KengZi street, PingShang New Region, Shenzhen, Guangdong, China",True
Stanley Engineered Fastening,"Mechanical and Electrical Industry Park. No. 9 Xixia Road Wuxi National High Technology Industrial Development Zone, Wuxi, Jiangsu, China",True
STMicroelectronics NV,"16 Taohua Road, Futian Free Trade Zone, Shenzhen, Guangdong, China",True
STMicroelectronics NV,"850, rue Jean Monnet, Crolles, France",True
STMicroelectronics NV,"190 Avenue Celestin Coq Zone Industrielle, Rousset, France",True
STMicroelectronics NV,"16, rue Pierre et Marie Curie, Tours, France",True
STMicroelectronics NV,"Via C. Olivetti 2, 20864 Agrate Brianza (MB), Agrate, Brianza, Italy",True
STMicroelectronics NV,"Stradale Promosole 50, Catania, Sicily, Italy",True
STMicroelectronics NV,"Industrial Center Muar, Tanjong Agas Industrial Area PO Box 28, 84007, Muar, Johor, Malaysia",True
STMicroelectronics NV,"Industry Road, Kirkop, Malta",True
STMicroelectronics NV,"101, Boulevard des Muriers BP 97, Bouskoura, Casablanca, Morocco",True
STMicroelectronics NV,"No. 9 Mountain Drive, Light Industry and Science Park II, La Mesa, Calamba, Laguna, Philippines",True
STMicroelectronics NV,"28 Ang Mo Kio, Industrial Park 2, Singapore",True
"Sumitomo Chemical Co., Ltd.","61 Xinmei Road, Bin Hu Qu, Wuxi, Jiangsu, China",True
"Sumitomo Chemical Co., Ltd.","1-1 Ooe, Niihama, Ehime, Japan",True
"Sumitomo Chemical Co., Ltd.","862 Palbong-dong, Iksan, Jeollabuk-Do, South Korea",True
Sumitomo Electric Industries Ltd.,"Building B, No. 20 Songtang Road, Tongfuyu Industrial Area, Tangxia Chong, Songgang, Baoan, Shenzhen, Guangdong, China",True
Sumitomo Electric Industries Ltd.,"No. 232 Jinfeng Road, Suzhou New District, Suzhou, Jiangsu, China",True
Sumitomo Electric Industries Ltd.,"30 Hinokigaoka, Minakuchi-Cho., Kouga-shi, Shiga, Japan",True
Sumitomo Electric Industries Ltd.,"Ampere St. Cor. Main Avenue, Light Industry and Science Park, 1 Special Export Processing Zone, Bo. Diezmo., Cabuyao, Laguna, Philippines",True
Sumitomo Electric Industries Ltd.,"C-6, Thsnh Long Industrial Park, Dong Anh Dist., Hanoi, Vietnam",True
Sunrex Technology Corp.,"No. 508, Guo Dao Road, Fenhu Economic Development Zone, Luxu Town, Wujiang, Jiangsu, China",True
Sunway Communication Co. Ltd.,"No. 14, Jinxiu Street, BDA, Beijing, China",True
Sunway Communication Co. Ltd.,"No. 1013 Xihuan Road, Shajing Town, Bao'an District, Shenzhen, PRC., Shenzhen, Guangdong, China",True
Sunwoda Electronics Co. Ltd.,"No. 2 Yihe Road, Shilong Community, Shiyan Street, Bao'an District, Shenzhen, Guangdong, China",True
Suzhou Anjie Technology Co. Ltd.,"No. 8 Fujin Road, Guangfu Town, Wuzhong District, Suzhou, Jiangsu, China",True
Suzhou Panel Electronic Co. Ltd.,"No. 2006 East Taihu Road, Hengjing Street, WuZhong District, Suzhou, Jiangsu, China",True
Swiftronic Pte. Ltd.,"Sinco Industrial Park, Huai Bei Road, Huai De District, Humen, Dongguan, Guangdong, China",True
Swiftronic Pte. Ltd.,"D Building, No. 875, Qiuxing Road, Nicheng Industrial Park, Lingang, Puding, Shanghai, China",True
Swiftronic Pte. Ltd.,"Yi He Road, No.2 Shi Yan Street, Bao An, Shenzhen, Guangdong, China",True
Taishan City Kam Kiu Aluminium Extrusion Co. Ltd.,"Shiqiao Industrial zone, Dajiang County, Taishan, Guangdong, China",True
Taiwan Hodaka Technology Co. Ltd.,"No. 2, Huandong Road, Sec. 1, Sinshih Dist 74146, Tainan, Taiwan",True
Taiwan Semiconductor Manufacturing Co. Ltd. (TSMC),"No. 4000 Wenxiang Road, Songjiang, Shanghai, China",True
Taiwan Semiconductor Manufacturing Co. Ltd. (TSMC),"Fab 12, No. 8, Li-Hsin Road VI, Hsinchu Science Park, Hsinchu, Taiwan",True
Taiwan Semiconductor Manufacturing Co. Ltd. (TSMC),"No. 12, Duxing 1st Road, Hsinchu Science Park, Hsinchu, Taiwan",True
Taiwan Semiconductor Manufacturing Co. Ltd. (TSMC),"No. 121 Park Ave. III, Hsinchu Science Park, Hsinchu, Taiwan",True
Taiwan Semiconductor Manufacturing Co. Ltd. (TSMC),"No. 25, Li-Hsin Road, Hsinchu Science Park, Hsinchu, Taiwan",True
Taiwan Semiconductor Manufacturing Co. Ltd. (TSMC),"No. 1, Keya 6th Road, Taichung, Taiwan",True
Taiwan Semiconductor Manufacturing Co. Ltd. (TSMC),"No. 1, Nan-Ke North Road, Tainan Science Park, Tainan, Taiwan",True
"Taiyo Yuden Co., Ltd.","No.13 Keji Dong Road, Shi Jie Town, Dongguan, Guangdong, China",True
"Taiyo Yuden Co., Ltd.","1988, Nakanojo, Nakanojo-machi, Agatsuma-gun, Gunma, Japan",True
"Taiyo Yuden Co., Ltd.","4026-22, Inanbar,Inami-cho, Hidaka-gun, Wakayama, Japan",True
"Taiyo Yuden Co., Ltd.","197-8, Kamiyoshi, Kubiki-ku, Joetsu, Niigata, Japan",True
"Taiyo Yuden Co., Ltd.","1796-1, Kawai,Tamamura-machi , Sawa-gun, Gunma, Japan",True
"Taiyo Yuden Co., Ltd.","43-1, Yawatabara-machi, Takasaki, Gunma, Japan",True
"Taiyo Yuden Co., Ltd.","116 Bangji-Ri Sanam-Myun, Sachon, Gyeongsangnam-do, South Korea",True
"Taiyo Yuden Co., Ltd.","Lot 977, Block 12,Sama Jaya Free Industrial Zone, Kuching, Sarawak, Malaysia",True
"Taiyo Yuden Co., Ltd.","Mactan Economic Zone, Lapulapu, Cebu, Philippines",True
Taylor Corp.,"91 Clydesdale Place, Moss Side Industrila Estate, Leyland, Lancashire, United Kingdom",True
Taylor Corp.,"5842 Carmen Avenue, Inver Grove Heights, Minnesota, United States",True
Taylor Corp.,"925 Zane Avenue North, Minneapolis, Minnesota, United States",True
TDK Corp.,"Siemensstrasse 43, Deutschlandsberg, Austria",True
TDK Corp.,"No.68 West Huaihe Road, Dalian Economic and Technical Development Zone, Dalian, Liaoning, China",True
TDK Corp.,"1 West Industrial Road, North Industrial Park, Songshan Lake, Dongguan, Guangdong, China",True
TDK Corp.,"No. 689 Zhen An Road, Conrad Hi-Tech Park, Changan Town, Dongguan, Guangdong, China",True
TDK Corp.,"ATL Industrial Park, BaiMa, NanCheng District, Dongguan, Guangdong, China",True
TDK Corp.,"No. 1 XingGang Road, ZhangWan Town, Ningde, Fujian, China",True
TDK Corp.,"No. 16 Tonghe Road, Pingdu City, Qingdao, Shandong, China",True
TDK Corp.,"No. 17 Xishi Road, New District, Wuxi, Jiangsu, China",True
TDK Corp.,"No. 2 Xindu Road, Wuxi-Singapore Industrial Park, Wuxi, Jiangsu, China",True
TDK Corp.,"No. 321-339 Tongi South Road, Jimei District, Xiamen, Fujian, China",True
TDK Corp.,"Nanxiang Road Hongqi Town, Zhuhai, Guangdong, China",True
TDK Corp.,"Anzinger Strasse 13, Munich, Germany",True
TDK Corp.,"1-6 Manganji, Yurihonjo-city, Honjo, Akita, Japan",True
TDK Corp.,"106-163, 2 Goto, Waga-machi, Kitakami, Iwate, Japan",True
TDK Corp.,"160 Miyazawa, Minami Alps, Yamanashi, Japan",True
TDK Corp.,"130 Aza Juninomae, Konoura, Nikaho, Akita, Japan",True
TDK Corp.,"99-19, Aza-Meiji, Oaza-Miyaumi, Sakata, Yamagata, Japan",True
TDK Corp.,"97, aza-Aburaden,Yamada, Tsuruoka, Yamagata, Japan",True
TDK Corp.,"146-1, Haraikawa, Ohuchi-Sankawa, Yuri-Honjoyoh, Akita, Japan",True
TDK Corp.,"166 Kallang Way, Singapore",True
TE Connectivity Ltd.-Tyco,"East Rongqi Road, Ronggui Area, Shunde, Foshan, Guangdong, China",True
TE Connectivity Ltd.-Tyco,"No, 21, Deshun North Road, Huanhai Economic Development Zone, Qingdao, Shandong, China",True
TE Connectivity Ltd.-Tyco,"2414 Amata, Inashiki-shi, Ibaraki, Japan",True
Texas Instruments Inc.,"No. 8010, Kexin Road, High-Technology Comprehensive Free Trade Zone, Chengdu, Sichuan, China",True
Texas Instruments Inc.,"Haggertystrasse.1, Freising, Bavaria, Germany",True
Texas Instruments Inc.,"2, Takaku-Kogyodanchi, Aizuwakamatsu, Fukushima, Japan",True
Texas Instruments Inc.,"2350 Kihara Miho-mura, Inashiki-gun, Miho, Ibaraki, Japan",True
Texas Instruments Inc.,"Batu Berendam Free Trade Zone, Batu Berendam, Malacca, Malaysia",True
Texas Instruments Inc.,"1 Lorong Enggang 33, Ampang, Kuala Lumpur, Malaysia",True
Texas Instruments Inc.,"No. 507 Jesus Rivera Franco, Aguascalientes, Mexico",True
Texas Instruments Inc.,"Clark Freeport Zone, Gil Puyat Avenue, Angeles, Pampanga, Philippines",True
Texas Instruments Inc.,"Peza, Loakan Road, Baguio, Philippines",True
Texas Instruments Inc.,"142, Sec. 1, Hsin Nan Road Chung Ho city, Taipei, Taiwan",True
Texas Instruments Inc.,"Earnhill Road, Larkhill Industrial Estate, Greenock, Inverclyde, United Kingdom",True
Texas Instruments Inc.,"13011 TI Blvd., Dallas, Texas, United States",True
Texas Instruments Inc.,"13121 TI Blvd., Dallas, Texas, United States",True
Texas Instruments Inc.,"Dock 7, 13353 TI Blvd., Dallas, Texas, United States",True
Texas Instruments Inc.,"Dock 3, 13353 TI Blvd., Dallas, Texas, United States",True
Texas Instruments Inc.,"13532 North Central Expressway, Dallas, Texas, United States",True
Texas Instruments Inc.,"13536 North Central Expressway, Dallas, Texas, United States",True
Texas Instruments Inc.,"3601 Alma Road, Richardson, Texas, United States",True
Texas Instruments Inc.,"6412 S. Highway 75, Sherman, Texas, United States",True
Texas Instruments Inc.,"5 Foden Road, South Portland, Maine, United States",True
"The Chemours Company FC, LLC","1797, Kashimo, Nakatsugawa, Gifu, Japan",True
"The Chemours Company FC, LLC","5-18 Sarugaku-Cho 1-Chome, Tokyo, Japan",True
"The Chemours Company FC, LLC","Carretera Tampico-Mante Km. 14.5 C.P. 89600, Altamira, Tamaulipas, Mexico",True
"The Chemours Company FC, LLC","Baanhoekweg 22, Dordrecht, Netherlands",True
"The Chemours Company FC, LLC","1201 Olmstead Lane, Cortland, Ohio, United States",True
"The Chemours Company FC, LLC","DuPont Road, New Johnsonville, Tennessee, United States",True
"The Chemours Company FC, LLC","7685 Kiln-DeLisle Road, Pass Christian, Massachusetts, United States",True
"The Chemours Company FC, LLC","Route 130, Salem, Salem, New Jersey, United States",True
"ThreeBond Holdings Co., Ltd.","1-1 Oyama-cho, Midori-ku, Sagamihara-shi, Kanagawa 252-0146, Sagamihara, Kanagawa, Japan",True
"ThreeBond Holdings Co., Ltd.","1252-1 Hattori, Osafune-cho, Setouchi-shi, Okayama 701-4276, Setouchi, Okayama, Japan",True
Toshiba Corp.,"760, Oaza Kutsugawa, Buzen, Fukuoka, Japan",True
Toshiba Corp.,"300, Ikaruga, Taishi-cho, Ibo-bun, Hyogo, Japan",True
Toshiba Corp.,"1-1, Iwauchi-machi , Nomi, Ishikawa, Japan",True
Toshiba Corp.,"3500, Oaza Matsuoka, Oita, Japan",True
Toshiba Corp.,"800 Yamonoisshiki-Cho, Yokkaichi, Mie, Japan",True
Toshiba Corp.,"572 Moo 7, 304 Industrial Park ,T.Thatoom, A.Srimahaphot, Prachin Buri, Thailand",True
Toyo Rikagaku Kenkyusho Co. Ltd.,"No. 777 Honghu Road, Kunshan Economic and Technical Development Zone, Kunshan, Jiangsu, China",True
Toyo Rikagaku Kenkyusho Co. Ltd.,"No. 281, Kongque Road, Precision Mechanical Industrial Park, Kunshan Economic and Technical Development Zone, Kunshan, Jiangsu, China",True
Toyo Rikagaku Kenkyusho Co. Ltd.,"No. 1448, Honghu Road, Kunshan Economic and Technical Development Zone, Kunshan, Jiangsu, China",True
Toyo Rikagaku Kenkyusho Co. Ltd.,"No. 188, Gaoding Road., Kunshan Economic and Technical Development Zone, Kunshan, Jiangsu, China",True
Toyoda Gosei Co. Ltd.,"5-1,Yawata Kaigan-dori, Ichihara, Chiba, Japan",True
Toyoda Gosei Co. Ltd.,"710 Origuchi, Shimomiyake, Heiwa, Inazawa, Aichi, Japan",True
Toyoda Gosei Co. Ltd.,"9966-9 Kawako, Oaza, Wakaki-cho, Takeo, Saga, Japan",True
TPK Holding Co. Ltd.,"No. 199 Ban Shang Road, Information and Photoelectricity Park of Xiamen Torch High-Technology Industrial Development Zone, Xiamen, Fujian, China",True
TPK Holding Co. Ltd.,"No. 996 Ming'an Blvd, Xiang-An District, Xiamen, Fujian, China",True
Trinseo LLC,"No. 17 Renjen Road, Hsinchu Ind. Park, Hukou, Hisnchu, Taiwan",True
Triotek Technology Inc.,"No.5, Huanshi North Road, Tangxia Town, Dongguan, Guangdong, China",True
Triumph Lead Group Ltd.,"20-B, Lixing Industrial Park, South Hongye Road, Chong Zhou City, Chengdu, Sichuan, China",True
Triumph Lead Group Ltd.,"10th Jingba Road, Economic Development Zone, Dong Tai, Jiangsu, China",True
Triumph Lead Group Ltd.,"No. 2, Yuyuan Road No. 1, Yuyuan Industrial Park, Huangjiang, Dongguan, Guangdong, China",True
Triumph Lead Group Ltd.,"Yuyuan Road No. 3, YuYuan Industrial Park, Huangjiang, Dongguan, Guangdong, China",True
Triumph Lead Group Ltd.,"Building A, Fengmenao Technology Park, Fengmen Road, BanTian, Longgang District, Shenzhen, Guangdong, China",True
Triumph Lead Group Ltd.,"No. 2988, Taidong Road, Huangdai Town, Xiangcheng District, Suzhou, Jiangsu, China",True
Triumph Lead Group Ltd.,"No. 8 (6-10) Changping Road, Huangdai Town, Xiangcheng District, Suzhou, Jiangsu, China",True
Tsujiden Co. Ltd.,"57-23, Azagomajiri, Hattandago, Higashisonogi cho, Higashisonogi, Nagasaki, Japan",True
Tsujiden Co. Ltd.,"1313-168, Masuragaharamachi, Omura, Nagasaki, Japan",True
TTM Technologies Inc.,"No 238 Shanhu Road, Niushan Foreign Economy Industrial Zone, Dongcheng District, Dongguan, Guangdong, China",True
TTM Technologies Inc.,"No.1 Xinle Road, Science City, Hi-Tech Industrial Development Zone, Guangzhou, Guangdong, China",True
TTM Technologies Inc.,"No. 685 Lianyang Road, SongJiang Industrial Zone, Shanghai, China",True
TTM Technologies Inc.,"No. 200 Jiang Tian Dong Road East, Song Jiang Industrial Zone, Shanghai, China",True
UACJ Corp.,"No. 99 Shaojing Road, Kunshan Economical Technology Development Zone, Kunshan, Jiangsu, China",True
UACJ Corp.,"3-1-12, Chitose Minato-ku, Nagoya, Aichi, Japan",True
Unimicron Technology Corp.,"No. 168 Xiaolin Road, Kunshan, Jiangsu, China",True
Unimicron Technology Corp.,"No. 160, Fengli Street, Suzhou Industrial Park, Suzhou, Jiangsu, China",True
Unimicron Technology Corp.,"573-19 Toiso, Eniwa, Hokkaido, Japan",True
Unimicron Technology Corp.,"No. 21, Lane 470, Sec.2, Nanshan Road, Luchu Township, Taoyuan, Taiwan",True
Unimicron Technology Corp.,"No. 177, Shan Ying Road, Kwei Shan Ind. Park, Taoyuan, Taiwan",True
Unimicron Technology Corp.,"No. 38, Xingbang Road, Guishan Ind. Park, Taoyuan, Taiwan",True
Unisteel Technology Ltd.,"No. 358, Fengmao Road, Malu Town, Jiading District, Shanghai, China",True
Unisteel Technology Ltd.,"No. 988 Shang Xue Road, Malu Town, Jiading District, Shanghai, China",True
Unisteel Technology Ltd.,"Unit A4-6, Block A, No. 9 Weixin Road Weiting Town, SIP, Suzhou, Jiangsu, China",True
Unitech Printed Circuit Board Corp.,"No.3, Lane 4, Chung-Shan Road Tu-Cheng City, Taipei, Taiwan",True
Unitech Printed Circuit Board Corp.,"No. 36, Dingping Road, Su'ao Township, Yilan, Taiwan",True
Vishay Intertechnology Inc.,"No. 46, Renmin 4th Road, Danshui Town, Huizhou, Guangdong, China",True
Vishay Intertechnology Inc.,"No. 1258 Yongjing Road, Jading District, Shanghai, China",True
Vishay Intertechnology Inc.,"No. 58 Chang Xu Road, Jiading, Shanghai, China",True
Vishay Intertechnology Inc.,"No. 88, 6th Ave., Tianjin Economic Zone, Tianjin, China",True
Vishay Intertechnology Inc.,"No. 20 Xinxi Ave, Xi'an, Shanxi, China",True
Vishay Intertechnology Inc.,"Theresienstrasse 2, D74072, Heilbronn, Germany",True
Vishay Intertechnology Inc.,"Fraunhoferstr. 1, D-25524, Itzehoe, Germany",True
Vishay Intertechnology Inc.,"Dr. Felix Zandman Platz 1, Selb, Germany",True
Vishay Intertechnology Inc.,"Ha-Kotzer 3 ST, Beer Sheva, Israel",True
Vishay Intertechnology Inc.,"P.O. Box 2317, Beer Sheva, Israel",True
Vishay Intertechnology Inc.,"Dimona Industrial Park, Dimona, Israel",True
Vishay Intertechnology Inc.,"Ramat Gabriel Industrial Park 852 Industrial Park, Migdal Ha'Emek, Israel",True
Vishay Intertechnology Inc.,"No. 1710-1, Kawasan Perindustrian Krubong, Melaka, Malaysia",True
Vishay Intertechnology Inc.,"FTI Estate Bagsaka Road Taguig, Manilla, Philippines",True
Vishay Intertechnology Inc.,"3-3 East 2nd Street Nantze Export Processing Zone, Kaohsiung, Taiwan",True
Vishay Intertechnology Inc.,"233 Pao Chiao Road Hsintien , Taipei, Taiwan",True
Vishay Intertechnology Inc.,"1122 23rd St., Columbus, Nebraska, United States",True
Vishay Intertechnology Inc.,"2201 Laurelwood Road, Santa Clara, California, United States",True
Vishay Intertechnology Inc.,"1505 E. Hwy 50, Yankton, South Dakota, United States",True
Volex Plc.,"Rodovia Geraldo Scavone, 2080, Jd California, Jacarei, Sao Paulo, Brazil",True
Volex Plc.,"No. 1173, Shenhui Road, Henggang, Shenzhen, Guangdong, China",True
Western Digital Corp.,"No.3001 Jinxiuxi Road, Longgang District, Shenzhen, Guangdong, China",True
Western Digital Corp.,"203, 205 Moo 7, Tumbon Tha Tum, Amphur Srimahaphote, Prachin Buri, Thailand",True
Wistron Corp.,"No. 168, First Avenue, Kunshan Export Processing Zone, Kunshan, Jiangsu, China",True
Wistron Corp.,"No. 38. Keji East Road, Zhongshan Torch Development Zone, Zhongshan, Guangdong, China",True
Wistron Corp.,"West 1st Circle, Zhongshan Torch Development Zone, Ma'an Village, Zhongshan, Guangdong, China",True
Xinhao Precise Groupware Co. Ltd.,"Jinbi Industry Park Huangtian Xixiang Town, Baoan District, ShenZhen, China, Shenzhen, Guang- dong, China",True
Xinhao Precise Groupware Co. Ltd.,"No. 139 Furui Road Dayangtian Industrial Park Fuyong Town, Baoan District, Shenzhen, Guangdong, China",True
Xinhao Precise Groupware Co. Ltd.,"Second industry Park, Fuwei Fuyong Town, Baoan District, Shenzhen, Guangdong, China",True
Xinhao Precise Groupware Co. Ltd.,"South Area of The Second Industry Area, Hourui Xixiang Town, Baoan District, Shenzhen, Guang- dong, China",True
Xinhao Precise Groupware Co. Ltd.,"No. 8889 Zhuhai Avenue ,Pingsha Town, Gaolan Port Economic Zone, Zhuhai, Guangdong, China",True
Zeniya Aluminum Engineering Ltd.,"No. 130 Bubugao Road, Wusha Jiangbei Village, Changan Town,Dongguan, Guangdong, China",True
Zeniya Aluminum Engineering Ltd.,"No. 888 Bubugao Road, Wusha Jiangbei Village, Changan Town, Dongguan, Guangdong, China",True
Zeniya Aluminum Engineering Ltd.,"No. 307 Bubugao Road, Wusha Jiangbei Village, Changan Town, Dongguan, Guangdong, China",True
Zeniya Aluminum Engineering Ltd.,"Block B, No.2, Industry 5th Road, Jiangbian, Songgang Community, Bao'an District, Shenzhen, Guangdong, China",True
Zhen Ding Technology Co. Ltd.,"No. 18, Tengfei Road, Economic and Technological Development Zone, Qinhuangdao, Hebei, China",True
Zhen Ding Technology Co. Ltd.,"Yanluo Road, Songgang Town, Bao'an District, Shenzhen, Guangdong, China",True
Advanced Micro Devices Inc.,"901 Thompson Place, Sunnyvale, California, USA",False
Broadcom Corp.,"5300 California Avenue, Irvine, California, USA",False
Cirrus Logic Inc.,"3100 West Warren Avenue, San Francisco, California, USA",False
Dialog Semiconductor GmbH,"Windmill Hill, Swindon, United Kingdom",False
Intersil Corp.,"1272 Fordgewood Avenue, Sunnyvale, California, USA",False
NVIDIA Corp.,"2840 San Tomas Expressway, Santa Clara, California, USA",False
OmniVision Technologies,"1341 Orleans Drive, Sunnyvale, California, USA",False
Parade Technologies Ltd.,"514 Chai Chee Lane, Singapore",False
Qualcomm Inc.,"5775 Morehouse Drive, San Diego, California, USA",False
Silego Technology Inc.,"1715 Wyatt Drive, Santa Clara, California, USA",False
Silicon Works Co. Ltd.,"707 Tamnin-Dong, Tuseong-Gu, Daejeon, Korea",False
Synaptics Inc.,"3120 Scott Boulevard, Santa Clara, California, USA",False