supplier_name,supplier_address,supplier_address_is_internal_manufacturing_site
3M Company,"905 Adams Street, Hutchinson, Minnesota, USA",True
3M Company,"577 Keumeui-ri, Jangan-myon, Hwaseong, Gyeonggi-Do, Korea",True
3M Company,"1425 Stokke Parkway, Menomonie, Wisconsin, USA",True
3M Company,"235 Zhongyuan Road, Suzhou, Jiangsu, China",True
3M Company,"No. 312, Section 1, Huandong Road, Sinshih Township, Tainan, Taiwan",True
3M Company,"5500 Oaza Osanagi, Higashine, Yamagata, Japan",True
3M Company,"3406 E. Pleasant Street, Knoxville, Iowa, USA",True
3M Company,"1030 Lake Road, Medina, Ohio, USA",True
AAC Technologies Holdings Inc.,"Building 5, 6th floor, Nanyou Tianan Industry Park, Dengliang Road, NanShan District, Shenzhen, Guangdong, China",True
AAC Technologies Holdings Inc.,"No. 8 Fengqi Road, High Tech. Industry Development Area, Wujin District, Changzhou, Jiangsu, China",True
AAC Technologies Holdings Inc.,"No. 66 Yanghuxi Road, Wujin District, Changzhou, Jiangsu, China",True
"Advanced International Multitech Co., Ltd.","Building F, Pengjinghui Industrial Park, No. 52 Tenth Road, Long Yean Village, Humen Town, Dongguan, Guangdong, China",True
"Advanced International Multitech Co., Ltd.","No. 2 South 5th Road, K.E.P.Z. Kaohsiung, Taiwan",True
Advanced Semiconductor Engineering Inc.,"76 Saneopdanji-gil, Paju, Gyeonggi-Do, Korea",True
Advanced Semiconductor Engineering Inc.,"26 Chin 3rd Road, Nantze Export Processing Zone, Kaohsiung, Taiwan",True
Advanced Semiconductor Engineering Inc.,"1F, 550 Chung-Hwa Road, Section 1, Chungli, Taoyuan, Taiwan",True
Advanced Semiconductor Engineering Inc.,"1F, No. 115 Nei-Huan North Road, Nantze Export Processing Zone, Kaohsiung, Taiwan",True
Advanced Semiconductor Engineering Inc.,"No. 107 Neihuan N. Road, Nanzi District, Kaohsiung, Taiwan",True
Advanced Semiconductor Engineering Inc.,"73 Kai Fa Road, Nantze Export Processing Zone, Kaohsiung, Taiwan",True
Advanced Semiconductor Engineering Inc.,"No. 501 Longgui Road, Jinqiao Export Processing (South) Zone, Pudong New Area, Shanghai, China",True
Advanced Semiconductor Engineering Inc.,"No. 1558 Zhang Dong Road, Zhangjiang Hi-Tech Park, Shanghai, China",True
Advanced Semiconductor Engineering Inc.,"No. 188 Su Hong Xi Road, Suzhou Industrial Park, Suzhou, Jiangsu, China",True
"Alps Electric Co., Ltd.","136-1 Kitahara, Furukawatsukanome, Osaki, Miyagi, Japan",True
"Alps Electric Co., Ltd.","6-3-36 Furukawa Nakazato, Osaki, Miyagi, Japan",True
"Alps Electric Co., Ltd.","No. 5 Xingchuang 4 Road, Singapore Industrial Park, Wuxi, Jiangsu, China",True
"Alps Electric Co., Ltd.","P.T. 10643 Nilai Industrial Estate, Nilai, Negeri Sembilan, Malaysia",True
"Alps Electric Co., Ltd.","6-1 Nishida, Kakuda, Miyagi, Japan",True
"Alps Electric Co., Ltd.","1-3-5 Higashi Takami, Nagaoka, Niigata, Japan",True
"Alps Electric Co., Ltd.","230 Shibue, Wakuya-cho, Tohda-gun, Miyagi Prefecture, Tohda-gun, Miyagi, Japan",True
Amkor Technology Inc.,"No. 39 GuangFu North Road, Hsinchu Industrial Park, Hsinchu, Taiwan",True
Amkor Technology Inc.,"No. 111 Yinglun Road Waigaoqiao Free Trade Zone, Shanghai, China",True
Amkor Technology Inc.,"119 North Science Avenue, Special Economic Zone, Laguna Techno Park, Binan, Laguna, Philippines",True
Amkor Technology Inc.,"110 Anaji-ro, Gyeyang-gu, Incheon, Korea",True
Amkor Technology Inc.,"957 Daechon-dong, Buk-gu, Gwangju, Gyeonggi-Do, Korea",True
Amkor Technology Inc.,"No. 11 GuangFu Road, Hsinchu Industrial Park, Hsinchu, Taiwan",True
Amkor Technology Inc.,"Mirae-ro 150, Songdo, Incheon, Korea",True
Amkor Technology Inc.,"1F, No. 1 Kao-Ping Sec Chung-Feng Road, Lungtan Township, Taoyuan, Taiwan",True
Amkor Technology Inc.,"1 Ohmaki, Harue-Cho, Harue, Fukui, Japan",True
Amkor Technology Inc.,"145-1, Aza-Nakajima, Nanae-cho, Kameda, Hokkaido, Japan",True
Amphenol Corp.,"No. 98-5 Road 19, Hangzhou Economic and Technological Development Zone, Hangzhou, Zhejiang, China",True
Amphenol Corp.,"No. 689 Shennan Road, Xin Zhuang Industry Park, Shanghai, China",True
Amphenol Corp.,"Block A3/A4, DongKeng Road, GongMing Town, Shenzhen, Guangdong, China",True
Amphenol Corp.,"825 Old Trail Road, Etters, Pennsylvania, USA",True
ams AG,"B2-1D Carmelray Industrial Park II, Barangay Tulo, Calamba, Laguna, Philippines",True
ams AG,"Tobelbaderstrasse 30, Unterpremstaetten, Styria, Austria",True
ams AG,"26 Woodlands Loop, Level 1, Singapore",True
ams AG,"7000 Ang Mo Kio Avenue 5, Singapore",True
Analog Devices Inc.,"Gateway Business Park, Javalera, Gen. Trias, Cavite, Philippines",True
Apollo Global Management LLC,"190 Yishun Avenue, Singapore",True
Apollo Global Management LLC,"No. 3, Lintang Bayan Lepas 8, Kawasan Perindustrian Bayan Lepas, Fasa 4, Mukim 12, Bayan Lepas, Penang, Malaysia",True
Artesyn Embedded Technologies Inc.,"No. 68 Baocheng E. Road, Fucheng Town, Luoding, YunFu, Guangdong, China",True
Artesyn Embedded Technologies Inc.,"Main Avenue Corner Road J, PEZA Complex, Rosario,",True
"Asahi Glass Co., Ltd.","Cavite, Philippines",True
"Asahi Glass Co., Ltd.","SAHA Group Industrial Park Lamphun 99/39 Moo 5, T. Pasak, Muang Lamphun, Thailand",True
"Asahi Glass Co., Ltd.","1-8 Machiikedai, Koriyama, Fukushima, Japan",True
"Asahi Glass Co., Ltd.","5-6-1 Umei, Takasago, Hyogo, Japan",True
"Asahi Glass Co., Ltd.","BE-2400 Mol, Brussels, Belgium",True
Asia Vital Components Ltd.,"11 Qisan Road, Haitian Industrial Garden, Shenzhen Export Processing District, Pingshan New Zone, Shenzhen, Guangdong, China",True
Asia Vital Components Ltd.,"No. 5 Lane 8, RongJiang Road, Songjiang Export Processing Zone, Shanghai, China",True
Asia Vital Components Ltd.,"West Industry Park, XinYang Industrial Zone, Shajing Town, Bao’an District, Shenzhen, Guangdong, China",True
AT & S Austria Technologie & Systemtechnik AG,"Jin Xi Zhen Jin Road, No. 188 Building 9, Kunshan, Jiangsu, China",True
AT & S Austria Technologie & Systemtechnik AG,"No. 58 Chang He Road, Yuzui Town, Jiangbei District,",True
Biel Crystal Manufactory Ltd.,"Chongqing, China",True
"BOE Technology Group Co., Ltd.","No. 5000 Jindu Road, Shanghai, China",True
"Boyd Die Cut Co., Ltd.","Biel Crystal Industrial Park, TangJing Village, Baishi, QiuChang Town, Huiyang District, Huizhou, Guangdong, China",True
"Boyd Die Cut Co., Ltd.","No. 668 Longzihu Road, Heifei, Anhui, China",True
Brilliant International Group Ltd.,"8 Xindu Road, Singapore-Industrial-Park, Wuxi, Jiangsu, China",True
Brilliant International Group Ltd.,"No. 1 Building Runheng Industrial Park, 67 Zone of Baocheng, Liuxian 2nd Road, Bao’an District, Shenzhen, Guangdong, China",True
Broadcom Limited,"Qiao Tou, 1 Industrial District, Lou Cun Community Council, Gong Ming Street, Guangming, Xinqu, Shenzhen, Guangdong, China",True
Broadcom Limited,"Building 1, Linyuan Investment Park, Intersection of Yanhe Road and Shenzhou, Xinzheng City, Zhengzhou, Henan, China",True
Broadcom Limited,"4380 Ziegler Road, Ft. Collins, Colorado, USA",True
"BYD Co., Ltd.","110 American Parkway NE, Allentown, Pennsylvania, USA",True
"BYD Co., Ltd.","Fab 12A, No. 18 Nan-Ke 2nd Road, Tainan Science Park, Tainan, Taiwan No. 1 BaoPing Road, Baolong Industrial Town, Long Gang, Shenzhen, Guangdong, China",True
"Career Technology (Mfg.) Co., Ltd.","Xiangshui River, Economic Development Zone, Daya Bay, Huizhou, Guangdong, China",True
"Career Technology (Mfg.) Co., Ltd.","248 Bo’ai Street, Shulin District, Taipei, Taiwan",True
"Catcher Technology Co., Ltd.","No. 18 Jin Sha Jiang South Road, Kunshan, Jiangsu, China No. 21 Gucheng Road, Suzhou-Suqian Industrial Park, Suqian, Jiangsu, China",True
"Catcher Technology Co., Ltd.","XiangTai Road West Side, Lion River South Side, Economic Development Zone, Taizhou, Jiangsu, Guangdong, China",True
"Catcher Technology Co., Ltd.","East of Xiangtai Road, North of Haijun West Road, Economic Development Zone, Taizhou, Jiangsu, China",True
"Cathay Tat Ming Precision Metal Products Co., Ltd.","No. 5 Furong 3rd Road, Xishan Economic Development Zone, Wuxi, Jiangsu, China",True
"Cathay Tat Ming Precision Metal Products Co., Ltd.","No. 2 Section A, Bai’gong’ao Industrial Zone, Xikeng Xinwei Sector, Fumin, Guanlan, Bao’an, Shenzhen, Guangdong, China",True
"Cathay Tat Ming Precision Metal Products Co., Ltd.","Yuyuan 4 Road, Yuyuan Industrial Zone, Huangjiang Town, Dongguan, Guangdong, China",True
Cheng Loong Corp.,"Dong Yie Street, Industry District, Houjie Town, Dongguan, Guangdong, China",True
Cheng Loong Corp.,"888 Fuyan Road, Weishi County, Kaifeng, Henan, China",True
Cheng Loong Corp.,"No. 48 Teng Feng 3rd Road, Chengdu, Sichuan, China",True
Cheng Loong Corp.,"No. 1 Tengfei 11 Road, Southwest Air Harbor Development Economic Zone, Chengdu, Sichuan, China",True
Cheng Loong Corp.,"399 Xiupu Road, Kangqiao Industrial Zone, Nanhai District, Shanghai, China",True
Cheng Loong Corp.,"No. 98 B Zone, Gui Lin Road, Kunshan, Jiangsu, China",True
"Cheng Uei Precision Industry Co., Ltd. (Foxlink)","Industry Street, DongKeng, Dongguan, Guangdong, China",True
"Cheng Uei Precision Industry Co., Ltd. (Foxlink)","Junda Industry Disctict, DongKeng, Dongguan, Guangdong, China.",True
"Cheng Uei Precision Industry Co., Ltd. (Foxlink)","No. 6 Zhengwei Road, Jinxi Town, Kunshan, Jiangsu, China",True
"Cheng Uei Precision Industry Co., Ltd. (Foxlink)","8th Long Keng Industry District, QianMei Road, DongKeng, Dongguan, Guangdong, China",True
"Cheng Uei Precision Industry Co., Ltd. (Foxlink)","No. 1 Xinfeng Street, Chang Long Village, Huang Jiang Town, Dongguan, Guangdong, China",True
"Chengdu Homin Technology Co., Ltd.","No. 265 Tengfei Avenue, Qingyang District, Chengdu, Sichuan, China",True
China Circuit Technology (Shantou) Corp.,"Wanji Industrial District, Longhu, Shantou, Guangdong, China",True
Coilcraft Inc.,"Bac Chu Lai Industrial Park, Chu Lai Open Economic Zone, Tam Hiep, Nui Thanh, Quang Nam, Vietnam",True
Coilcraft Inc.,"Putian Village, Xiyang Town, Meizhou, Guangdong, China",True
Coilcraft Inc.,"Jln Aster, Lot SD37-38, Lobam, Bintan, Indonesia",True
Coilcraft Inc.,"No. 5 Guangtonnan Road, Dongfeng West Street, Weinan, Shanxi, China",True
Compal Electronics Inc.,"No. 68-2 Suyuan Road, Nanjing Export Processing Zone (South Area), Nanjing, Jiangsu, China",True
Compal Electronics Inc.,"No. D05, Zone D, Air Port Section of LiangLu CunTan Free Trade port Area, YuBei District, Chongqing, China",True
"Compeq Manufacturing Co., Ltd.","4D Block, Suchun Industrial Square, No. 428 Xinglong Street, Suzhou Industrial Park, Suzhou, Jiangsu, China",True
"Compeq Manufacturing Co., Ltd.","No. 21 Panlong Road, Lidu Industrial Park, Fuling district,",True
"Compeq Manufacturing Co., Ltd.","Chongqing, China",True
"Compeq Manufacturing Co., Ltd.","No. 168 Huguang Road, Huzhen Town, Boluo County, Huizhou, Guangdong, China",True
Corning Inc.,"No. 91 Lane 814, Ta Hsin Road, Shin Chuang Village, Lu Chu Hsiang, Taoyuan, Taiwan",True
Corning Inc.,"680 E. Office Street, Harrodsburg, Kentucky, USA",True
Corning Inc.,"12117 Obuchi, Kakegawa, Shizuoka, Japan",True
Corning Inc.,"No. 33 Section 2, HaunDong Road, Tainan Science Based Industrial Park, Tainan, Taiwan",True
Cosmosupplylab Ltd.,"212, Tangjeong-ro, Tangjeong-myeon, Asan, Chungcheongnam-do, Korea",True
Cosmosupplylab Ltd.,"Middle ZhongXin Road, Xian Sha Industry, Gaobu Town, Dongguan, Guangdong, China",True
Cowell E Holdings Inc.,"Bo Wang Industrial Park, Gaobu Town, Dongguan, Guangdong, China No. 1 Songbo Road, Huanan Industrial Area, Liaobu Town, Dongguan, Guangdong, China",True
"Coxon Precise Industrial Co., Ltd.","West No. 3 Zhong Nan South Road, Hai Bin District, Shang Sha Village Chang’an Town, Dongguan, Guangdong, China",True
"Coxon Precise Industrial Co., Ltd.","763 ZhenAnZhong Road, 6th Industrial District, ShangSha Villlage, Chang’an Town, Dongguan, Guangdong, China",True
"CymMetrik Enterprise Co., Ltd.","No. 168 Chuyang Road, Lujia Town, East part of Economic and Technical Development Zone, Kunshan, Jiangsu, China",True
"CymMetrik Enterprise Co., Ltd.","Xinhua Road, Xingwei Community, Fuyong Street, Bao’an, Shenzhen, Guangdong, China",True
"CymMetrik Enterprise Co., Ltd.","8th Factory, Industrial Park of Weishi County, Kaifeng, Henan, China 12 Hokuryo-cho, Matsue, Shimane, Japan",True
"Dai-Ichi Seiko Co., Ltd.","2455-1 Takata, Chikuzen-machi, Asakura-gun, Fukuoka, Japan",True
"Dai-Ichi Seiko Co., Ltd.","55 Yishun Industrial Park A, Singapore",True
"Dai-Ichi Seiko Co., Ltd.","863 Mitsusawa, Ogori, Fukuoka, Japan",True
"Dai-Ichi Seiko Co., Ltd.","Block 2 Woodlands Sector 1, No. 01-24 Woodlands",True
"Dai-Ichi Seiko Co., Ltd.","Spectrum 1, Singapore",True
Daikin Industries Ltd.,"1-1 Nishi-Hitotsuya, Settsu, Osaka, Japan",True
Daikin Industries Ltd.,"No. 8 Jinyu Road (West) Advanced Materials Industrial, Changshu, Jiangsu, China",True
Daikin Industries Ltd.,"21 Sunayama, Kamisu, Ibaraki, Japan",True
Darfon Electronics Corp.,"21 Industry 2nd Road, Tainan, Taiwan",True
Darfon Electronics Corp.,"No. 99 Zhuyuan Road, New District, Suzhou, Jiangsu, China",True
Delta Group,"No. 168 Jishi East Road & No. 688 Xiuhu West Road, Wujiang Economic & Technological Development Zone, Suzhou, Jiangsu, China",True
Delta Group,"No. 688 Xiuhu West Road, Song Ling Town, Suzhou, Jiangsu, China Chen Zhou Export Processing Zone, Bai Lu Tang Town, Su Xian District, Chenzhou, Hunan, China",True
Delta Group,"Wellgrow Industrial Estate, 111 Moo 9, Soi 11, Bangna-Trad Road, Tambol Bangwua, Bang Pakong, Chachoengsao, Thailand",True
Delta Group,"1688 Jiangxing East Road, Wujiang Economy Development Zone, Wujiang, Jiangsu, China",True
Delta Group,"Ha-86 Akai-machi, Nomi, Ishikawa, Japan",True
Dexerials Corp.,"18 Satuki-cho, Kanuma-shi, Tochigi, Japan",True
Dexerials Corp.,"3-4-1 Sakuragi, Tagajo-shi, Miyagi, Japan",True
Dexerials Corp.,"1724 Shimotsuboyama, Shimotsuke-shi, Tochigi, Japan",True
Dexerials Corp.,"Waldweg 7, Neuhaus am Rennweg, Thuringia, Germany",True
Diodes Inc.,"Zetex Technology Park, Chadderton, Oldham, United Kingdom",True
Diodes Inc.,"Plant No. 1, Lane 18, San Zhuang Road, Songjiang Export Zone, Shanghai, China",True
Diodes Inc.,"No. 8 Kexin Road, Chengdu Hi-Tech Zone (West Park), Chengdu, Sichuan, China",True
Diodes Inc.,"777 N.W. Blue Parkway, Suite 350, Lee’s Summit, Missouri, USA",True
Diodes Inc.,"No. 999 Chenchun Road, Xinqiao Town, Songjiang District,",True
Diodes Inc.,"Shanghai, China",True
"DSM Engineering Plastics Co., Ltd.","Urmonderbaan 22, Geleen, Netherlands",True
"DSM Engineering Plastics Co., Ltd.","Eerste Bokslootweg 17, Emmen, Netherlands",True
"DSM Engineering Plastics Co., Ltd.","No. 18 Pan Long Shan Road, Jiangyin, Jiangsu, China",True
Dynapack International Technology Corp.,"No. 8 Hua-Gang Road, Wujiang Economic and Technological Development Zone, Suzhou, Jiangsu, China",True
Ellington Electronics Technology Group,"88 Gao Ping Chemical & Industrial Zone, San Jiao Town, Zhongshan, Guangdong, China",True
FIT Hon Teng Ltd.,"37 Street, Dinh Tram Industry Zone, Viet Yen, Bac Giang, Vietnam",True
FIT Hon Teng Ltd.,"No. 168 Fushikang Road, Huai’an Economic Development Zone, Huai’an, Jiangsu, China",True
FIT Hon Teng Ltd.,"No. 889 Fushikang Road, High Technology Industry Park, Kunshan Development Zone, Kunshan, Jiangsu, China",True
FIT Hon Teng Ltd.,"Baoyuan Technology Area, DaShuiKeng, GuanLan Town, Longhua New Distict, Shenzhen, Guangdong, China",True
Flexium Interconnect Inc.,"No. 23 Juguang 1st Sreet, Tafa Industrial Park, Daliao District, Kaohsiung, Taiwan",True
Flexium Interconnect Inc.,"No. 1399, Hanpu Road, Hi-Tech Industrial Park, Kunshan, Jiangsu, China",True
Flextronics Sales and Marketing (A-P) Ltd.,"12455 Research Blvd., Austin, Texas, USA",True
Flextronics Sales and Marketing (A-P) Ltd.,"6380 East Holmes Road, Memphis, Tennessee, USA",True
Flextronics Sales and Marketing (A-P) Ltd.,"Avenida Liberdade, 6315, Iporanga-Sorocaba, Sao Paulo, Brazil",True
Flextronics Sales and Marketing (A-P) Ltd.,"Plot No. 3 Phase III, SIPCOT Industrial Park, Sandavellur (Village), Sriperumbuthur, Kanchipuram, Tamilnadu, India",True
Flextronics Sales and Marketing (A-P) Ltd.,"Flextronics Industrial Zone, Shi Da Road, Da Ling Shan, Dongguan, Guangdong, China",True
"Foster Electric Co., Ltd.","No. 1 Street 11, VSIP Bac Ninh, Tu Son, Bac Ninh, Vietnam",True
"Foster Electric Co., Ltd.","Street No. 1 Hoa Cam industrial zone, Cam Le district, Da Nang, Vietnam",True
"Foster Electric Co., Ltd.","No. 20, VSIP II street 5, Vietnam Singapore Industrial Park II, Hoa Phu ward, Thu Dau Mot, Binh Duong, Vietnam",True
"Foster Electric Co., Ltd.","Building #7, No. 1 Zongbu Road, Nanning New High Technology Industrial Zone, Nanning, Guangxi, China",True
"Foster Electric Co., Ltd.","No. 8, 11 Ke Yuan Dong Road, Nanning New High Technology Industrial Zone, Nanning, Guangxi, China",True
Fujikura Ltd.,"101/2 Moo 20, Navanakorn Industrial Zone, Phaholyothin Road, Klongluang District, Khlong Luang, Pathum Thani, Thailand",True
Fujikura Ltd.,"Building 56A, No. 199 Riying North Road, Waigaoqiao Free Trade Zone, Shanghai, China",True
Fujikura Ltd.,"1/80 Moo 5, Rojana Industrial Park, Rojana Road, Tambol Kanham, Amphur U-Thai Pranakorn Sri, Ayutthaya, Thailand",True
Fujikura Ltd.,"612/12, Moo 9, Kabinburi Industrial Zone, Cam Le district, Da Nang, Vietnam",True
Fujikura Ltd.,"Northern Region Industrial Estate, 68/1 Moo 4 Tambol, Lamphun, Thailand",True
Fujikura Ltd.,"Build A-B, No. 1411 Yecheng Road, Jiading Industrial Zone, Shanghai, China",True
Fujikura Ltd.,"14 Matsuyama-cho, Moka, Tochigi, Japan",True
Fujikura Ltd.,"55/25 Moo 13, Navanakorn Industrial Estate, Paholyothin Road, Klong Nueng, Khlong Luang, Pathum Thani, Thailand",True
Garuda International Ltd.,"Building A1-A3, Pengding Plant, Songluo Road, Yanchuan Community, Yanluo Street, Bao’an District, Shenzhen, Guangdong, China",True
Garuda International Ltd.,"No. 18 Tengfei Road, Economic and Technological Development Zone, Qinhuangdao, Hebei, China",True
Garuda International Ltd.,"No. 11 Honghai North Road, Huaian Economic Development Zone, Huai’an, Jiangsu, China",True
"Genius Electronic Optical Co., Ltd.","No. 8 Chuangxin Road, Torch Hi-tech Indsl Zone, Xiamen, Fujian, China",True
GoerTek Inc.,"No. 268 Dongfang Road, High-Tech Industrial Development Zone, Weifang, Shandong, China",True
GoerTek Inc.,"West Changan South Road and North Tengfei Road, Yishui County, Linyi, Shandong, China",True
GoerTek Inc.,"Lot K-08, Que Vo industrial park, Nam Son commune, Bac Ninh, Vietnam",True
"Hama Naka Shoukin Industry Co., Ltd.","No. 1 Gaoding Road, Kunshan Development Zone, Kunshan, Jiangsu, China",True
"HengMingDa Wrapper Co., Ltd.","No. 1568 Taji Road, Shipai Town, Kunshan, Jiangsu, China",True
Henkel Corp.,"No. 90 Zhu Jiang Road , Yantai Economic Technological Development Zone, Yantai, Shandong, China",True
Henkel Corp.,"167 Batchelder Road, Seabrook, New Hampshire, USA",True
Henkel Corp.,"301 Washington Street, Cannon Falls, Minnesota, USA",True
Henkel Corp.,"No. 524, Anji East Road, Sanzao Town, Jin Wan Qu, Zhuhai, Guangdong, China",True
HI-P International Ltd.,"No. 77 Jinwen Road, Zhuqiao Airport Industrial Zone, Pudong New Area, Shanghai, China",True
HI-P International Ltd.,"No. 96 and No. 102, Jinwen Road, Zhuqiao Airport Industrial Zone, Pudong New Area, Shanghai, China",True
HI-P International Ltd.,"No. 38 Jinliang Road, Pudong, Shanghai, China",True
HI-P International Ltd.,"Blk 3 and 4, No. 955 Jinhai Road, Shanghai, China",True
HI-P International Ltd.,"No. 86 Liu Feng Road, Wu Zhong District, Suzhou, Jiangsu, China",True
"Hirose Electric Co., Ltd.","1261-10 Jeongwang-Dong, Siheung, Gyeonggi-Do, Korea",True
"Hirose Electric Co., Ltd.","2-31-1 Toyomane, Yamadacho, Shimoheigun, Miyako, Iwate, Japan",True
"Hirose Electric Co., Ltd.","21-2 Kubota Dai-2 Chiwariaza Akamae, Miyako, Iwate, Japan",True
"Hirose Electric Co., Ltd.","509-36 Soejima, Fuchumachi, Toyama, Japan",True
"Hirose Electric Co., Ltd.","3215 Shimoizawa, Fuchumachi, Toyama, Japan",True
"Hirose Electric Co., Ltd.","46-3 Aza Nishi, Niida, Tagajo-shi, Miyagi, Japan",True
"Hirose Electric Co., Ltd.","55-1 Jiwari, Tagusari, Miyako, Iwate, Japan",True
"Hirose Electric Co., Ltd.","63-25 Nishiura Aisaricho, Kitakami, Iwate, Japan",True
"Hirose Electric Co., Ltd.","191-1 Oaza Urushikawa Aza Tamatsubaki, Goshogawara, Aomori, Japan Jiangsu, China",True
"Hon Hai Precision Industry Co., Ltd. (Foxconn)","No. 1925 NanLe Road, Songjiang Export Processing Zone, Shanghai, China",True
"Hon Hai Precision Industry Co., Ltd. (Foxconn)","Avenida Caminho de Goiás 100, Rodovia Anhanguera km 66, Bairro dos Fernandes, Bloco B, JundiaÍ, Sao Paulo, Brazil",True
"Hon Hai Precision Industry Co., Ltd. (Foxconn)","Foxconn Longhua Technology Park, #2 2nd Donghuan Road, 10th Yousong Industrial District, Longhua Town, Bao’an, Shenzhen, Guangdong, China",True
"Hon Hai Precision Industry Co., Ltd. (Foxconn)","No. 1 Longfei Street Economy Technology Development Zone, Taiyuan, Shanxi, China",True
"Hon Hai Precision Industry Co., Ltd. (Foxconn)","Foxconn Guanlan Technology Park North site, Dashuikeng Village, Guanlan Town, Bao’an, Shenzhen, Guangdong, China",True
"Hon Hai Precision Industry Co., Ltd. (Foxconn)","No. 168 Hezuo Road, CDHT Western Park, Chengdu, Sichuan, China",True
"Hon Hai Precision Industry Co., Ltd. (Foxconn)","No. 9 Jianye East Road, Torch Hi-Tech Development Zone, Zhongshan, Guangdong, China",True
"Hon Hai Precision Industry Co., Ltd. (Foxconn)","No. 1216 Lanhua Road, Jincheng Economic and Technology Development Zone, Jincheng, Shanxi, China",True
"Hon Hai Precision Industry Co., Ltd. (Foxconn)","Wancheng warehouse 203, No. 6 Hongmian Road, Fu-tian tax free zone, Shenzhen, Guangdong, China",True
"Hon Hai Precision Industry Co., Ltd. (Foxconn)","Longhe Technology Industry zone, Southern Construction Road, Anci District, Langfang, Hebei, China",True
"Hon Hai Precision Industry Co., Ltd. (Foxconn)","Foxconn Technology Development Zone, Hebi, Henan, China",True
"Hon Hai Precision Industry Co., Ltd. (Foxconn)","HuLing Industry Park, HuangHe River Road, Jiyuan, Henan, China",True
"Hon Hai Precision Industry Co., Ltd. (Foxconn)","No. 7 workshop, Export Processing District, No. 9 Avenue, Economy Technology Development Zone, Zhengzhou, Henan, China",True
"Hon Hai Precision Industry Co., Ltd. (Foxconn)","No. 35 Hua Bao North Road, Cheng Xi Industrial Zone, Chancheng District, Foshan, Guangdong, China",True
"Hon Hai Precision Industry Co., Ltd. (Foxconn)","13301 Park Vista Blvd., Fort Worth, Texas, USA",True
"Hon Hai Precision Industry Co., Ltd. (Foxconn)","No. 299 Nan Song Road, Yu Shan Town, Kunshan, Jiangsu, China",True
"Hon Hai Precision Industry Co., Ltd. (Foxconn)","No. 888 Hezuo Road, Comprehensive Bonded Zone, CDHT Western Park, Chengdu, Sichuan, China",True
"Hon Hai Precision Industry Co., Ltd. (Foxconn)","No. 99 Fuxing Avenue, Xitang Town, Jiashan, Zhejiang, China",True
"Hon Hai Precision Industry Co., Ltd. (Foxconn)","No. 880 Zizhu Road, Hi-Tech Industrial Zone, Kunshan, Jiangsu, China",True
"Hon Hai Precision Industry Co., Ltd. (Foxconn)","No. 6, Sec. 2, Huandong Road, Xinshi District, Tainan, Taiwan",True
"Hon Hai Precision Industry Co., Ltd. (Foxconn)","Building 8, Foxconn Guanlan Technology Park B District, DaSan Community, Guanlan Town, Bao’an, Shenzhen, Guangdong, China",True
"Hon Hai Precision Industry Co., Ltd. (Foxconn)","No. 689 Hezuo Road, Chengdu High Technology Western Park, Chengdu, Sichuan, China",True
"Hon Hai Precision Industry Co., Ltd. (Foxconn)","Hongguan science and technology park, DaShuikeng Village, Guanlan Street, Guanlan, Shenzhen, Guangdong, China",True
"Hon Hai Precision Industry Co., Ltd. (Foxconn)","Industrial Distribution Center at Lankao County, Kaifeng, Henan, China",True
"Hon Hai Precision Industry Co., Ltd. (Foxconn)","West of JiYang Street, LanKao County, Kaifeng, Henan, China",True
"Hon Hai Precision Industry Co., Ltd. (Foxconn)","No. 2, 2nd Donghuan Road, Longhua Town, Longhua New District, Shenzhen, Guangdong, China",True
"Hon Hai Precision Industry Co., Ltd. (Foxconn)","General Bonded Zone, East Zhenxing Road, Zhengzhou Airport, Zhengzhou, Henan, China",True
INB Electronics Ltd.,"Chuangye Park, Taihe County, Ji’an, Jiangxi, China",True
INB Electronics Ltd.,"Building 2nd, 1st Area, Industrial Area of Huaide Cuihai, Fengtang Road, Fuyong Street, Shenzhen, Guangdong, China",True
INB Electronics Ltd.,"Xiangshuihe Industrial Area, Dayawan Development District, Huizhou, Guangdong, China",True
Infineon Technologies AG,"Free Trade Zone, Jalan Batu Berendam, Batu Berendam, Melaka, Malaysia",True
Infineon Technologies AG,"Wernerwerkstr. 2, Regensburg, Bavaria, Germany",True
Infineon Technologies AG,"Konigsbrucker Str. 180, Dresden, Saxony, Germany",True
Infineon Technologies AG,"Siemensstrabe 2, Villach, Oesterreich, Austria",True
Infineon Technologies AG,"Lot 10 & 11, Kulim Hi-Tech Park, Kedah Darul Aman, Jalan Hi-Tech 7, Industrial Zone Phase II, Kulim, Kedah, Malaysia",True
Intel Corp.,"No. 8-1 Kexin Road, High-Tech Zone (West Park), Chengdu, Sichuan, China",True
Intel Corp.,"2501 NW 229th Avenue, Hillsboro, Oregon, USA",True
Intel Corp.,"Rio Rancho Blvd SE, Rio Rancho, New Mexico, USA",True
Intel Corp.,"4500 South Dobson Road, Chandler, Arizona, USA",True
Intel Corp.,"Collinstown Industrial Park, Leixlip, Ireland",True
Intel Corp.,"New Industrial Area 2 Tzoran Street, Kiryat Gat, Israel",True
Intel Corp.,"Bayan Lepas Industrial Park IV, Penang, Malaysia",True
Intel Corp.,"Lot I2, Saigon Hi-Tech Park, District 9, Ho Chi Minh, Binh Duong, Vietnam",True
Intel Corp.,"109 Huaihe East Road, Dalian, Liaoning, China",True
Intel Corp.,"Lot 8, Jalan Hi-tech 2/3, Kulim Hi-tech Park, Kulim, Kedah, Malaysia",True
"Interflex Co., Ltd.","600 Sunggok-dong, Danwon-gu, Ansan, Gyeonggi-Do, Korea",True
Intramedia Inc.,"189 Tangzhuang Road, Suzhou Industrial Park, Suzhou, Jiangsu, China",True
Intramedia Inc.,"No. 11 Haiyi Road, Ching Tou Village, Chang’an Town, Dongguan, Guangdong, China",True
Inventec Corp.,"No. 789, Puxing Road, Minhang District, Shanghai, China",True
Jabil Circuit Inc.,"Ganpi Village, Zhenlong Town, Huiyang District, Huizhou, Guangdong, China",True
Jabil Circuit Inc.,"No. 84-2 Block B, National Hi-Tech Industrial Development Zone, Wuxi, Jiangsu, China",True
Jabil Circuit Inc.,"No. 7 Yang Qing Road, Lou Feng Demonstrative S.I.P, Suzhou, Jiangsu, China",True
Jabil Circuit Inc.,"No. 2073, Jincheng Road, Shajing Street, Bao’an District, Shenzhen, Guangdong, China",True
Jabil Circuit Inc.,"No. 21, Sai Da Shi Ji Road, Xiqing Economic Development Zone, Tianjin, China",True
Jabil Circuit Inc.,"No. 266 Sec. 1, Shen-Lin Road, Ta Ya 428, Taichung, Taiwan",True
Jabil Circuit Inc.,"Lot J9, J10 Export Processing Zone, Wuxi, Jiangsu, China",True
Jabil Circuit Inc.,"No. 1 Sec.3, Chuangxin Road, Chongzhou Economic Development District, Chengdu, Sichuan, China",True
Jabil Circuit Inc.,"No. 119, Hulin Road, Huangpu District, Guangzhou, Guangdong, China",True
Jabil Circuit Inc.,"128 Juncheng Road, Guangzhou Economic and Technology Development Zone, Guangzhou, Guangdong, China",True
Jabil Circuit Inc.,"No. 97 National High-Tech Industrial Development Zone, Wuxi, Jiangsu, China",True
Jabil Circuit Inc.,"No. 128 TongYuan Road, Suzhou Industrial Park, Suzhou, Jiangsu, China",True
Japan Aviation Electronics Industry Ltd.,"5-1 Oaza Seinofukuro 5-chome, Hirosaki, Aomori, Japan",True
Japan Aviation Electronics Industry Ltd.,"4102-6 Aza Takadaishinden, Oaza Izumida, Shinjo, Yamagata, Japan",True
Japan Display Inc.,"Xinyang road Dengwu Village, Qiaotou Town, Dongguan, Guangdong, China",True
Japan Display Inc.,"26-2 Yamadasenden, Kawakita, Nomi-gun, Ishikawa, Japan",True
Japan Display Inc.,"1-47 Iwauchi-machi, Nomi, Ishikawa, Japan",True
Japan Display Inc.,"3300 Hayano, Mobara, Chiba, Japan",True
Japan Display Inc.,"No. 1 Central Avenue, Area B, Kunshan Free Trade Zone, Kunshan, Jiangsu, China",True
Japan Display Inc.,"1-2480, Takematsumachi, Hakusan, Ishikawa, Japan",True
"Jarllytec Co., Ltd.","No. 13 Wugong 5th Road, Hsin Chung Dist, New Taipei City, Taipei, Taiwan",True
"Jeou Uei Co., Ltd.","No. 5-1 GuGang Road, ChengQu Industrial Park, Economic Development Zone, Taicang, Jiangsu, China",True
"Jeou Uei Co., Ltd.","Building No. 4 of Row 5, Jiao Tang Industry Area, Bao’an District, Shenzhen, Guangdong, China",True
"Jiangsu Changjiang Electronics Technology Co., Ltd.","5 Yishun Street 23, Singapore",True
"Jinlong Holding Group Co., Ltd.","Jingang Blvd., Jinlong Science & Technology Park, Bei Baixiang Town, Yueqing, Wenzhou, Zhejiang, China",True
"Jinlong Holding Group Co., Ltd.","Sinco Industrial Park, Huai Bei Road, Huai De District, Humen, Dongguan, Guangdong, China",True
JX Nippon Mining & Metals Corp.,"3 Kurami, Samukawa, Koza, Kanagawa, Japan",True
"Kantatsu Co., Ltd.","No. 8 Xinlong Road Xinpu Economic Development Zone, Lianyungang, Jiangsu, China",True
Kemet Corp.,"Av. las Americas 780 Ote., Colonia, Victoria, Tamaulipas, Mexico",True
Kemet Corp.,"No. 99 Yangpu Road, Suzhou, Jiangsu, China",True
Kemet Corp.,"Long Binh Techno Park (LOTECO) EPZ, Long Binh Ward, Bien Hoa, Dong Nai, Vietnam",True
Kemet Corp.,"78/2 Moo 1, Wellgrow Industrial Estate, Bangna-Trad KM. 36 Road, Homsil, Bang Pakong, Chachoengsao, Thailand",True
Kemet Corp.,"Lot 336, Batamindo Industry Park, Jl. Gaharu, Muka Kuning, Nongsa, Kota Batam, Kepulauan Riau, Indonesia",True
Kemet Corp.,"No. 9, Ri-xin Road, Xinglin Ji-mei Zone, Xiamen, Fujian, China",True
"Kunshan Kersen Science & Technology Co., Ltd.","No. 389 Kunjia Road, Kunshan, Jiangsu, China",True
"Kunshan Kersen Science & Technology Co., Ltd.","No. 5 Weiliu Road, Dong Tai, Jiangsu, China",True
Kinsus Interconnect Technology Corp.,"No. 1245, Junghua Road, Shin-Wu Shiang, Taoyuan, Taiwan",True
Kinsus Interconnect Technology Corp.,"No. 526, Sec. 2, Jianxing Road, Xinfeng, Hsinchu, Taiwan",True
Knowles Corp.,"Plot 104, Lebuhraya Kampung Jawa, Bayan Lepas Industrial Estate, Penang, Malaysia",True
Knowles Corp.,"379 Middle Suhong Road, Suzhou Industrial Park, Suzhou, Jiangsu, China",True
Koch Industries Inc.,"No. 889. Ying Lun Road, Wai Gao Qiao Free Trade Zone, Shanghai, China",True
Koch Industries Inc.,"27 Guangshun Street, Dalian Economic and Technical Development Zone, Dalian, Liaoning, China",True
Koch Industries Inc.,"3949-3 Kawanishi, Kanoya, Kagoshima, Japan",True
Koch Industries Inc.,"No. 110 International Road, Jurong Town, Singapore",True
Koch Industries Inc.,"2607 Jalan Perusahaan Kawasan Perindustrian, Perai, Penang, Malaysia",True
Koch Industries Inc.,"1351-2 Sumiyoshi, Yoshida, Haibara-gun, Shizuoka, Japan",True
Koch Industries Inc.,"700 Kingbird Road, Lincoln, Nebraska, USA",True
Kyocera Group,"5850 Higashine-koh ohaza, Higashine, Yamagata, Japan",True
Kyocera Group,"1-1 Kokubuyamashita-cho, Kirishima-shi, Kagoshima, Japan",True
Kyocera Group,"1810 Taki-cho, Satsumasendai, Kagoshima, Japan",True
Kyocera Group,"560 Nyuzen, Nyuzen-machi, Shimoniikawa-gun, Toyama, Japan",True
Kyocera Group,"8 Jing Ci Road, New City District, Shilong Town, Dongguan, Guangdong, China",True
Kyocera Group,"3-11-1 Osachi Kohagi, Okaya, Nagano, Japan",True
Kyocera Group,"1 Mikata, Ayabe, Kyoto, Japan",True
Laird Technologies Inc.,"Building 1, Dejin Industrial Park, Fuyuanyi Road, Heping Community, Fuyong Town, Bao An District, Shenzhen, Guangdong, China",True
Laird Technologies Inc.,"No. 398 Yuandian Road, Xin Zhuang Industrial Zone, Shanghai, China",True
Laird Technologies Inc.,"No. 8 Pengfeng Road, Songjiang, Shanghai, China",True
Laird Technologies Inc.,"28 Huanghe South Road, Kunshan Economic & Tech Development Zone, Kunshan, Jiangsu, China",True
"Largan Precision Co., Ltd.","No. 18 Tutong First Industrial District, Tutong, Changping, Dongguan, Guangdong, China",True
"Largan Precision Co., Ltd.","No. 11 Jingke Road, Nantun District, Taichung, Taiwan",True
"Lens One Technology (Shenzhen) Co., Ltd.","Lens Technology Zone, Liuyang Biomedical Industrial Estate, Changsha Hunan, China",True
"Lens One Technology (Shenzhen) Co., Ltd.","Huangxing Road, Langli Town, Changsha, Hunan, China",True
LG Chem Ltd.,"No. 17 Hengyi Road, Nanjing Economic & Technology Development Zone, Nanjing, Jiangsu, China",True
LG Chem Ltd.,"8B Ochang Scientific Local Industrial Complex 1114-Namchon-ri Oksan-Myeon, Cheongwon-Gun, Chungcheongbuk-Do, Korea",True
"LG Display Co., Ltd.","181, 3gongdan 2-ro, Gumi, Gyeongsangbuk-do, Korea",True
"LG Display Co., Ltd.","No. 59 Kaitai Road, Science City of Guangzhou, High-Tech Industrial Development Zone, Guangzhou, Guangdong, China",True
"LG Display Co., Ltd.","No. 1 LG Road, LG Industrial Park, Nanjing Economic & Technology Development Zone, Nanjing, Jiangsu, China",True
"LG Display Co., Ltd.","245 LG-ro, Wollong-myeon, Paju, Gyeonggi-Do, Korea",True
"LG Display Co., Ltd.","No. 2 Beijing Middle Road, Development Zone, Yantai, Shandong, China",True
"LG Display Co., Ltd.","174, 3gongdan 2-ro, Gumi, Gyeongsangbuk-do, Korea",True
"LG Display Co., Ltd.","No. 283 JingLong Road, Taimei Town Boluo County, Huizhou, Guangdong, China",True
"LG Innotek Co., Ltd.","66 Suchul-daero 9-gil, Gumi, Gyeongsangbuk-do, Korea",True
"LG Innotek Co., Ltd.","50-9 Suchul-daero 7-gil, Gumi, Gyeongsangbuk-do, Korea",True
"LG Innotek Co., Ltd.","93, 2sunhwan-ro 971beon-gil, Heungdeok-gu, Cheongju, Chungcheongbuk-Do, Korea",True
"LG Innotek Co., Ltd.","Lot I-4, Trang Due Industrial Park, An Duong district, Hai Phong City, Haiphong, Vietnam",True
"LG Innotek Co., Ltd.","130-65 Sanho-daero, Gumi, Gyeongsangbuk-do, Korea",True
"LG Innotek Co., Ltd.","77 Sanho-daero, Gumi, Gyeongsangbuk-do, Korea",True
Lite-On Technology Corp.,"No. 11 Fuyuan Road, Wuqing Development Area, Tianjin, China",True
Lite-On Technology Corp.,"59 Hong Jing Road, Eastern Section, GETDD, Guangzhou, Guangdong, China",True
Lite-On Technology Corp.,"Av. Torquato Tapajos 7891, Tarumã, Manaus, Brazil",True
Lite-On Technology Corp.,"No. 8 Guangbao Road, Science City, Luogang Area, Guangzhou, Guangdong, China",True
Lite-On Technology Corp.,"1-3/F, Block 9 & 1F, Block 8, Brightman Industrial Zone, Busha Road, Shenzhen, Guangdong, China",True
Lite-On Technology Corp.,"No. 1 Zhen’an Road, Shangjiao Section, Chang’an Town, Dongguan, Guangdong, China",True
Lite-On Technology Corp.,"No. 88, Yanghu Road, Wujin Hi-Tech Industrial Development Zone, Changzhou, Jiangsu, China",True
Longwell Company,"No. 19, 2nd industrial avenue, Tang Xia Chong village, Song Gang town, Paoan Ward,, Shenzhen, Guangdong, China",True
Luen Fung Group,"No. 50, Ke Ji Road, Yuquan Industrial District South, Fenggang Town, Dongguan, Guangdong, China",True
Luen Fung Group,"No. 48, Ke Ji Road, Yuquan Industrial District South, Fenggang Town, Dongguan, Guangdong, China",True
LUXSHARE-ICT,"No. 399, Baisheng Road, Kunshan, Jiangsu, China",True
LUXSHARE-ICT,"No. 8 Yongyang Road, National economic & Technological Development Zone, Chuzhou, Anhui, China",True
LUXSHARE-ICT,"No. 158 Jinchang Road, Jinxi Town, Kunshan, Jiangsu, China",True
LUXSHARE-ICT,"No. 1, Lvyin Road, Industrial Park, Ji’an, Jiangxi, China",True
LUXSHARE-ICT,"Fuchuan Road (East side), Ji’an, Jiangxi, China",True
Marian Inc.,"Floor 2, Building 3, Chaohuilou Technology Industrial Park, 180 Huating Road, Da Lang, Longhua, Shenzhen, Guangdong, China",True
Marian Inc.,"Unit 1B, Suchun Industrial Square, 428 Xinglong Street, Suzhou Industrial Park, Suzhou, Jiangsu, China",True
Marian Inc.,"Unit 5B, B Area, EPZ, No. 158 Qiming Road, Suzhou Industrial Park, Suzhou, Jiangsu, China",True
Maxim Integrated Products Inc.,"160 Rio Robles, San Jose, California, USA",True
Maxim Integrated Products Inc.,"14320 SW Jenkins Road, Beaverton, Oregon, USA",True
Maxim Integrated Products Inc.,"4401 South Beltwood Parkway, Dallas, Texas, USA",True
Maxim Integrated Products Inc.,"Gateway Business Park, Special Export Processing Zone, Baranggay Javalera, Gen Trias, Cavite, Philippines",True
"Merry Electronics Co., Ltd.","No. 800 Kang Yuan Road, Xiang Cheng Economic Development Zone, Suzhou, Jiangsu, China",True
Microchip Technology Inc.,"2325 Orchard Parkway, San Jose, California, USA",True
Microchip Technology Inc.,"ACP Bldg., 102 Accuracy Drive, Corner Excellence Ave, Carmelray Industrial Park, 1, Canlubang, Calamba, Laguna, Philippines",True
Microchip Technology Inc.,"1150 E. Cheyenne Mountian Blvd., Colorado Springs, Colorado, USA",True
Microchip Technology Inc.,"Unit 6, Mitchell Point, Ensign Way, Hamble-le-Rice, Hampshire, United Kingdom",True
Microchip Technology Inc.,"44306 Nantes Cedex 3, Nantes, France",True
Microchip Technology Inc.,"Vestre Rosten 79, Tiller, Norway",True
Microchip Technology Inc.,"14 Moo 1, T. Wangtakien, A., Muangchachemgsao, Chachoengsao, Thailand",True
Micron Technology Inc.,"7-10, Yoshikawa Kogyo Danchi, Higashi, Hiroshima, Japan",True
Micron Technology Inc.,"No. 429-1 Sanfong Road, Houli District Central Taiwan Science Park, Taichung, Taiwan",True
Micron Technology Inc.,"667, Fuhsing 3rd Road, HwaYa Technology Park, Guishan Township, Taoyuan, Taiwan",True
Micron Technology Inc.,"Zone B of Shanxi Xi’an Export Processing Zone, Xin Xi Ave, Xi’an, Shanxi, China",True
Minebea Mitsumi Inc.,"No. 1 Tongsheng Road, Suzhou Industrial Park, Suzhou, Jiangsu, China",True
Minebea Mitsumi Inc.,"Ban Wa (Hi-Tech) Industrial Estate, 92 Moo 1, Tambon Banlen, Bang Pa-In, Ayutthaya, Thailand",True
Minebea Mitsumi Inc.,"5/2 Moo 8, Phaholyothin Road, Km.149 Tambon Nikhom Sang Ton-Eng, Amphoe Muang, Lopburi, Thailand",True
Minebea Mitsumi Inc.,"No. 5202, LianXi Road, Jinze Town, Qingpu District, Shanghai, China",True
Minebea Mitsumi Inc.,"No. 2, Dayangzhou Road, Qingdao West Coast Export Processing Zone, Qingdao, Shandong, China",True
Minebea Mitsumi Inc.,"1007-39, Izumisawa, Chitose, Hokkaido, Japan",True
Minebea Mitsumi Inc.,"MRI Special Economic Zone, Sabang, Danao, Cebu, Philippines",True
"Murata Manufacturing Co., Ltd.","Chi-53, Ohmachi, Anamizu-Machi, Housu, Ishikawa, Japan",True
"Murata Manufacturing Co., Ltd.","Ozowara, Echizen-cho, Nyu-gun, Fukui, Japan",True
"Murata Manufacturing Co., Ltd.","Chi-18, Sodanimachi, Hakusan, Ishikawa, Japan",True
"Murata Manufacturing Co., Ltd.","10-28 Hananomori 2-chome, Awara, Fukui, Japan",True
"Murata Manufacturing Co., Ltd.","Plot 15, Bemban Industrial Park Jalan Bemban, Batu Gajah, Perak, Malaysia",True
"Murata Manufacturing Co., Ltd.","Northern Region Industrial Estate, 63 Moo 4, Tambol Ban Klang, Lamphun, Thailand",True
"Murata Manufacturing Co., Ltd.","4-1 Higashiokino 4-chome, Higashiomi, Shiga, Japan",True
"Murata Manufacturing Co., Ltd.","11-1 Nakae 4-chome, Sanuma, Hasama-cho, Tome, Miyagi, Japan",True
"Murata Manufacturing Co., Ltd.","1020 Takibe, Toyoshina, Azumino, Nagano, Japan",True
"Murata Manufacturing Co., Ltd.","345 Uwano, Toyama, Japan",True
"Murata Manufacturing Co., Ltd.","2308 Kaminaoe, Hikawa-cho, Izumo-shi, Shimane, Japan",True
"Murata Manufacturing Co., Ltd.","77 Fukumoto, Oku-cho, Setouchi, Okayama, Japan",True
"Murata Manufacturing Co., Ltd.","1, 13-go, Okamotocho, Echizen, Fukui, Japan",True
"Murata Manufacturing Co., Ltd.","2-82, 1-chome, Miyukicho, Sabae, Fukui, Japan",True
"Murata Manufacturing Co., Ltd.","15 Cuijing Road, Shenzhen Grand Industrial Zone, Pingshan New District, Shenzhen, Guangdong, China",True
"Murata Manufacturing Co., Ltd.","No. 6 Xingchuang 1st Road, Wuxi Export Processing Zone B Zone, Wuxi, Jiangsu, China",True
"Murata Manufacturing Co., Ltd.","Lo A1 Hoa Khanh Inductrial Zone, Lien Chieu District, Da Nang, Vietnam",True
"Murata Manufacturing Co., Ltd.","No. 6, 9A Road, Bien Hoa Industrial Zone No. 2, Dong Nai, Vietnam",True
"Murata Manufacturing Co., Ltd.","Lishan Village, Qianwu Town, Doumen, Zhuhai, Guangdong, China",True
"Murata Manufacturing Co., Ltd.","190 Kashiwagi, Komoro, Nagano, Japan",True
"Murata Manufacturing Co., Ltd.","JI. Maligi VIII Lot S-4, Kawasan Industri KIIC, Desa Margakaya, Kecamatan Teluk Jambe, Barat Karawang 41361, Kabupaten Bekasi, Jawa Barat, Indonesia",True
"Murata Manufacturing Co., Ltd.","Land Lot No. 55 - Long Jiang Industrial Park, Tan Lap Ward, Phuoc Tan District, Tan Lap Ward, Tien Giang, Vietnam",True
"Murata Manufacturing Co., Ltd.","1-3 Thang Long Industrial Park, Dong Anh District, Hanoi, Vietnam",True
"Murata Manufacturing Co., Ltd.","No. 27 Changjiang Road, New District, Wuxi, Jiangsu, China",True
"Murata Manufacturing Co., Ltd.","1 Tuas Road, Singapore",True
"MYS Group Co., Ltd.","MYS Qiaotou district , East industrial Park, Qiaotou, Dongguan, Guangdong, China",True
"MYS Group Co., Ltd.","699 NanXiang Road WuJiang Economic Development Zone, Suzhou, Jiangsu, China",True
Nan Ya Plastics Corp.,"201, ChangJiang South Road, Kunshan Economic & Technical Development Zone, Kunshan, Jiangsu, China",True
Nan Ya Plastics Corp.,"No. 338, Sec. 1 Nankan Road, Taoyuan, Taiwan",True
Nan Ya Plastics Corp.,"No. 98 Nanlin Road, Taishan District, New Taipei City, Taipei, Taiwan",True
Nichia Corp.,"38-2 Kawamukoichi, Ichiba, Oasa-Cho, Naruto, Tokushima, Japan",True
Nichia Corp.,"491 Oka, Kaminaka-cho, Anan, Tokushima, Japan",True
Nichia Corp.,"1-19, Tatsumi-Cho, Anan, Tokushima, Japan",True
Nidec Corp.,"136 North Science Avenue Extension, Laguna Technopark Special Economic Zone, Binan, Laguna, Philippines",True
Nidec Corp.,"Street No. 18, Tan Thuan Export Processing Zone, District 7, Ho Chi Minh, Vietnam",True
Nidec Corp.,"Lot I-1d-1, Road N1, SHTP, District 9, Ho Chi Minh, Vietnam",True
Nidec Corp.,"12 HuanCheng North Road, Hongye, Industrial District, Tangxia Town, Dongguan, Guangdong, China",True
Nishoku Technology Inc.,"No. 308 Yangguang Road, Nangang, Zhangpu Town, Kunshan, Jiangsu, China",True
"Nissha Co., Ltd.","1-1 Hinokigaoka, Minakuchi-cho, Koka, Shiga, Japan",True
"Nissha Co., Ltd.","50 Kamiyobe, Yobe-ku, Himeji, Hyogo, Japan",True
"Nissha Co., Ltd.","Ro 49-1 Uwagimachi, Daishoji, Kaga, Ishikawa, Japan",True
"Nissha Co., Ltd.","1-2-2 Anotsudai, Tsu city, Mie, Japan",True
"Nisshin Steel Co., Ltd.","11-1 Showa-cho, Kure, Hiroshima, Japan",True
"Nisshin Steel Co., Ltd.","4976 Nomura Minamimachi, Shunan, yamaguchi, Japan",True
Nitto Denko Corp.,"474 Hyeongok-Ri, Cheongbuk-Myeon, Pyeongtaek, Gyeonggi-Do, Korea",True
Nitto Denko Corp.,"1043 Gupo-dong, Gumi, Gyeongsangbuk-do, Korea",True
Nitto Denko Corp.,"No. 468 Suhongzhong Road, Suzhou Industrial Park, Suzhou, Jiangsu, China",True
Nitto Denko Corp.,"919 Fuke-cho, Kameyama, Mie, Japan",True
Nitto Denko Corp.,"455-6 Hongo, Minogo-cho, Onomichi, Hiroshima, Japan",True
Nitto Denko Corp.,"18 Hirayama Nakahara, Toyohashi, Aichi, Japan",True
Nitto Denko Corp.,"Bangkai Road, Guangming Hi-Tech Park, Shenzhen, Guangdong, China",True
NOK Corp.,"1650-11-1 Okuhara-cho, Ushiku, Ibaraki, Japan",True
NOK Corp.,"No. 166-21 Liaozibu, Madou District, Tainan, Taiwan",True
NOK Corp.,"2626-19 Sunayama, Kamisu, Ibaraki, Japan",True
NOK Corp.,"560 Moo 2 Bangpa-in Industrial Estate, Udomsorayuth Road, T.Klong-Jik, Bang Pa-In, Ayutthaya, Thailand",True
NOK Corp.,"No. 48 Chung-Heng Street, Hsiao-Kang District, Kaohsiung, Taiwan",True
NOK Corp.,"No. 1 Shuang Deng Road Weiting Town, Suzhou Industrial Park, Suzhou, Jiangsu, China",True
NOK Corp.,"No. 2006 Huang Yang Road, Doumen Town Doumen District, Zhuhai, Guangdong, China",True
NOK Corp.,"No. 20 Dayou 1st Street, Da-Liao District, Kaohsiung, Taiwan",True
NOK Corp.,"1 Floor, No. 22 Xiang-Ming Road, Xiang-An District, Xiamen, Fujian, China",True
NOK Corp.,"No. 2 PingGong Zhong Road Nanping Science Technology Industrial District, Zhuhai, Guangdong, China",True
NOK Corp.,"189, 198, 296 Moo 16 Bangpa-in Industrial Estate, Udomsorayuth Road, T.Bangkrasan, Bang Pa-In, Ayutthaya, Thailand",True
NXP Semiconductors N.V.,"10 Chin 5th Road N.E.P.Z., Kaohsiung, Taiwan",True
ON Semiconductor Corp.,"333 Western Avenue, South Portland, Maine, USA",True
ON Semiconductor Corp.,"Crestwood Industrial Park, 125 Crestwood Road, Mountain Top, Pennsylvania, USA",True
ON Semiconductor Corp.,"420-711 82-3, Dodang-Dong, Wonmi-District, Bucheon, Gyeonggi-Do, Korea",True
ON Semiconductor Corp.,"Mactan Export Zone I, Lapulapu, Cebu, Philippines",True
ON Semiconductor Corp.,"27A People West Road, Leshan, Sichuan, China",True
ON Semiconductor Corp.,"Golden Mile Business Park, Special Economic Zone, Governor’s Drive, Barrio Maduya, Carmona, Cavite, Philippines",True
ON Semiconductor Corp.,"Bozeny Nemcove 1720, Rožnov Pod Radhoštěm, Czech Republic",True
ON Semiconductor Corp.,"Gresham Fab, 23400 NE Glisan Street, Gresham, Oregon, USA",True
ON Semiconductor Corp.,"2300 West Buckskin Road, Pocatello, Idaho, USA",True
ON Semiconductor Corp.,"Westerring 15, B-9700, Oudenaarde, Belgium",True
ON Semiconductor Corp.,"1401 N. Kings Road, Nampa, Idaho, USA",True
ON Semiconductor Corp.,"Lot 122 Senawang Industrial Estate, Seremban, Negeri Sembilan, Malaysia",True
ON Semiconductor Corp.,"Lot 55 Senawang Industrial Estate, Seremban, Negeri Sembilan, Malaysia",True
ON Semiconductor Corp.,"Block A&B, No. 110, Liuxiancun Road, Xili Town, Nanshan District, Shenzhen, Guangdong, China",True
ON Semiconductor Corp.,"3000 Chiyakou, Ojiya, Niigata, Japan",True
ON Semiconductor Corp.,"LIP SEPZ San Miguel, Tarlac City, Tarlac State, Philippines",True
Pai Shing International Ltd.,"22 Xing Yang Road, Tian Xin, Qiao Tou, Dongguan, Guangdong, China",True
Pai Shing International Ltd.,"No. 638 Hua Yuan Road, Zhangpu Town, Kunshan, Jiangsu, China",True
Panasonic Corp.,"No. 3 Bedok South Road, Singapore",True
Panasonic Corp.,"No. 49 Tokyo Road, Free Trade Zone, Qingdao, Shandong, China",True
Panasonic Corp.,"25 Kowata Nishinaka, Uji, Kyoto, Japan",True
Panasonic Corp.,"401 Sadamasa, Fukui, Japan",True
Panasonic Corp.,"1037-2 Kamiosatsu, Chitose, Hokkaido, Japan",True
Panasonic Corp.,"1111-1 Shimokannuki-Kawanabe, Tsuyama, Okayama, Japan",True
Panasonic Corp.,"No. 1 Xinghua 5th Branch, Xi Qing Economic Development Zone, Tianjin, China",True
Panasonic Corp.,"271 Higashi Kaihatsu, Tonami, Toyama, Japan",True
Panasonic Corp.,"4-5-1 Kurihara, Myoko, Niigata, Japan",True
Panasonic Corp.,"217 Omachi-cho, Omachi, Saga, Japan",True
Panasonic Corp.,"Jalan Raya Jakarta Bogor Km 35, Kel. Sukamaju Baru, Kec. Tapos, Jawa Barat, Indonesia",True
Panasonic Corp.,"Kawasan Industri MM2100 Blok. O-1-1 Kecamatan Cikarang Barat, Kabupaten Bekasi, Jawa Barat, Indonesia",True
Panasonic Corp.,"Jl.Teuku Umar Km 44 Clkarang Barat, Bekasi, Jawa Barat, Indonesia",True
Panasonic Corp.,"No. 86 Sunwu Road, Xukou, Wuzhong District, Suzhou, Jiangsu, China",True
Pegatron Corp.,"No. 88 Tinghua Road, Tinlin Town, Jinshan District, Shanghai, China",True
Pegatron Corp.,"No. 3636 Shengang Road, Xinqiao Town, Songjiang Industrial Zone, Shanghai, China",True
Pegatron Corp.,"No. 1168 Ronghua Road, Songjiang Export/Import Park, Shanghai, China",True
Pegatron Corp.,"No. 113 Lane171 Lin-sheng Road, Tinglin Town, Jinshan District, Shanghai, China",True
Pegatron Corp.,"No. 88 Kaedar Road, Kunshan High-tech Industrial Park, Kunshan, Jiangsu, China",True
Pegatron Corp.,"No. 3668 XiuYan Road, KangQiao Town, PuDong New District, Shanghai, China",True
Pegatron Corp.,"West of Rose Road and South of Bailing Road, Kunshan Development Area, Kunshan, Jiangsu, China",True
Pegatron Corp.,"5F, Sagawa Tokyo Logisitcs Center, 2-2-11 Shinsuna Koto-ku, Tokyo, Japan",True
Pegatron Corp.,"No. 3768 XiuYan Road, Kang Qiao Town, Pu Dong New District, Shanghai, China",True
Pegatron Corp.,"2 Changi South Street 2, Singapore",True
Pegatron Corp.,"670 Gasan-dong, Geumcheon-gu, Seoul, Korea",True
Pegatron Corp.,"Na Rovince 862, 720 00 Ostrava, Hrabova, Czech Republic",True
Pegatron Corp.,"3011 Laguna Blvd., Elk Grove, California, USA",True
Pegatron Corp.,"Bailing Road Southside, Meigui Road Westside, Kunshan, Jiangsu, China",True
Pegatron Corp.,"Building 4, No. 168 Daqiao Road, Shanghai, China",True
Pegatron Corp.,"No. 5 Shing Yeh Street, Kwei Shan Hsiang, Taoyuan, Taiwan",True
Pegatron Corp.,"No. 357 Jinfeng Road, New District Suzhou, Suzhou, Jiangsu, China",True
Pegatron Corp.,"No. 89 Changjiang Road, Jiashan Economic Development Zone, Jiaxing, Zhejiang, China",True
"Phone In Mag-Electronics Co., Ltd.","3rd Industrial Zone, Sijia Village, ShiJie Town, Dongguan, Guangdong, China",True
"Phone In Mag-Electronics Co., Ltd.","No. 30-8 Dongwaihuan Road, High-Tech Development Zone, Xinyang, Henan, China",True
"Phone In Mag-Electronics Co., Ltd.","No. 899 Mingshu Road, Yinzhou District, Ningbo, Zhejiang, China",True
"Pioneer Material Precision Tech Co., Ltd.","No. 1 Jiao Ping Avenue, Ke Yuan Cheng Industrial Park, Tangxia Town, Dongguan, Guangdong, China",True
"Pioneer Material Precision Tech Co., Ltd.","No. 999 Avenue of Stars, Phoenix Lake Industrial Park, Yongchuan District, Chongqing, China",True
"Pioneer Material Precision Tech Co., Ltd.","No. 45 Nan Hu Road, Wuzhong Economic Development Zone, Suzhou, Jiangsu, China",True
"Pioneer Material Precision Tech Co., Ltd.","No. 11 Wuquan 2nd Road, Wugu District, New Taipei City, Taipei, Taiwan",True
Platinum Optics Technology Inc.,"No. 37 Keji 2nd Road., Hua Ya Technology Park, Gueishan Township, Taoyuan, Taiwan",True
POSCO,"603 Seonggok-dong, Danwon-gu, Ansan, Gyeonggi-Do, Korea",True
Prent Corp.,"No. 2275 Chengliu Zhonglu, Jiading District, Shanghai, China",True
Primax Electronics Ltd.,"Er Village, Liu Wu District, Shek Kit Town, Dongguan, Guangdong, China",True
Primax Electronics Ltd.,"No. 2688 Tong Xin Road, Yu Shan Town, Kunshan, Jiangsu, China",True
Qorvo Inc.,"17 Middle Tongji Road, Beijing, China",True
Qorvo Inc.,"7628 Thorndike Road, Greensboro, North Carolina, USA",True
Qorvo Inc.,"No. 6868 Dongfanghong East Road, DeZhou Economic & Technology Development Area, Dezhou, Shandong, China",True
Qorvo Inc.,"2300 N.E. Brookwood Parkway, Hillsboro, Oregon, USA",True
Qorvo Inc.,"Zona Franca Metropolitana, Barreal De Heredia, Apartado 144-3006, Haredia, Costa Rica",True
Qorvo Inc.,"500 W. Renner Road, Richardson, Texas, USA",True
Qorvo Inc.,"1818 S. Orange Blossom Trail, Apopka, Florida, USA",True
Quadrant Solutions,"No. 55 Xiacheng Road, Tonglu, Hangzhou, Zhejiang, China",True
Qualcomm Inc.,"Anzinger Strasse 13, Munich, Germany",True
Qualcomm Inc.,"166 Kallang Way, Singapore",True
Qualcomm Inc.,"No. 17 Xi Shi Road, Xin Wu District, Wuxi, Jiangsu, China",True
Qualcomm Inc.,"Siemensstrasse 43, Deutschlandsberg, Austria",True
Quanta Computer Inc.,"44350 Nobel Drive, Fremont, California, USA",True
Quanta Computer Inc.,"No. 68 Sanzhuang Road, Songjiang Export Processing Zone, Shanghai, China",True
Quanta Computer Inc.,"No. 8 Jinzhou Road, High-tech Industrial park, Changshu Economic Development Zone, Changshu, Jiangsu, China",True
Radiant Opto Electronics Corp.,"No. 1621 Jiang Xin East Road, Economic Developing Area, Wujiang, Jiangsu, China",True
Radiant Opto Electronics Corp.,"No. 35 Hengtong Road, Nanjing Economic & Technology Development Zone, Nanjing, Jiangsu, China",True
Radiant Opto Electronics Corp.,"No. 11 Xinrui Road, Science City of Guangzhou High-Tech Industrial Development Zone, Guangzhou, Guangdong, China",True
Renesas Electronics Corp.,"111 Nishiyokote-machi, Takasaki, Gunma, Japan",True
Renesas Electronics Corp.,"Horiguchi 751, Hitachi-Naka, Ibaraki, Japan",True
Renesas Electronics Corp.,"Lot 54 Kulim, Industrial Estate. Seluang, Kulim, Kedah, Malaysia",True
Renesas Electronics Corp.,"Bayan Lepas Free, Industrial Zone, Bayan Lepas, Penang, Malaysia",True
Renesas Electronics Corp.,"176 JinJiHuLu, Suzhou Industrial Park, Suzhou, Jiangsu, China",True
Renesas Electronics Corp.,"89 Nagasaki, Shiranui-cho, Uki, Kumamoto, Japan",True
Robert Bosch GmbH,"Tuebinger Strasse 123, Reutlingen, Germany",True
"Rohm Co., Ltd.","883 Oaza-Kamikitajima, Chikugo, Fukuoka, Japan",True
"Rohm Co., Ltd.","837-1 Aza-Hatakeda, Oaza-Inado, Yukuhashi, Fukuoka, Japan",True
"Rohm Co., Ltd.","Lot 1320 Kawasan Perindustrian, Pengkalan Chepa II, Padang Tembak, Kota Bharu, Kelantan, Malaysia",True
"Rohm Co., Ltd.","Block 3 and Block 5, People’s Avenue, People’s Technology Complex Special Economic Zone, Carmona, Cavite, Philippines",True
"Rohm Co., Ltd.","21 Saiinmizosakicho, Ukyo Ward, Kyoto, Japan",True
"Rohm Co., Ltd.","100 Tomioka, Kasaoka, Okayama, Japan",True
"Rohm Co., Ltd.","101/94, 102 Navanakorn Industrial Zone, Moo 20, Phaholyothin Road, Tambol Khlong-Nueng, Khlong Luang, Pathum Thani, Thailand",True
"Rohm Co., Ltd.","No. 7 Weisan Road, Micro-Electronic Industrial Park, Jingang Highway, Xiqing District, Tianjin, China",True
"Rohm Co., Ltd.","40 Munpyeongseo-ro, 17 Beonan-gil, Daedeok-gu, Daejeon, Korea",True
"Rohm Co., Ltd.","727 Kihara, Kiyotake-cho, Miyazaki, Japan",True
RR Donnelley & Sons Company,"2661 South Pacific Highway, Medford, Oregon, USA",True
RR Donnelley & Sons Company,"No. 28 Huang Sha He West Road, Xin Jiu Wei Village, Liaobu Town, Dongguan, Guangdong, China",True
RR Donnelley & Sons Company,"No. 888 Ganghua Road, North Area of Chengdu Modern Industrial Park, Pixian, Chengdu, Sichuan, China",True
RR Donnelley & Sons Company,"Business Center Chrastany, Praha Západ, Czech Republic",True
RR Donnelley & Sons Company,"No. 7699 Songze Avenue, Qingpu Industrial Zone, Shanghai, China",True
RR Donnelley & Sons Company,"495-35 Hane, Hagiwara-cho, Gero, Gifu, Japan",True
RR Donnelley & Sons Company,"No. 128 Chensong Road, Kunshan High and New Technology Industrial Development Zone, Kunshan, Jiangsu, China",True
SABIC Innovative Plastics,"1 Lexan Lane, Mt. Vernon, Indiana, USA",True
SABIC Innovative Plastics,"No. 1 Sulia Road, Nansha, Panyu District, Guangzhou, Guangdong, China",True
SABIC Innovative Plastics,"No. 56 Aidu Road, Waigaoqiao Free Trade Zone, Shanghai, China",True
Salcomp Plc,"Salcomp Road No. 69 Furong Industrial Area Xinqiao, Shajing, Bao’an District, Shenzhen, Guangdong, China",True
Salcomp Plc,"Avenida dos Oitis, 4145, Distrito Industrial, Manaus, Brazil",True
Salcomp Plc,"Avenue Acai Number 875, Distrito Industrial, Manaus, Brazil",True
Salcomp Plc,"Nokia Telecom SEZ, SIPCOT Industrial Park, Sriperumbudur, Chennai, Tamilnadu, India",True
Salcomp Plc,"Junction of 6th West Road and 9th West Road, West River Industrial Park, Guigang, Guangxi, China",True
"Samsung Electronics Co., Ltd.","Samsung Street 181, Tangjeong-Myeon, Asan, Chungcheongnam-do, Korea",True
"Samsung Electronics Co., Ltd.","465 Beonyeong-ro, Seobuk-gu, Cheonan, Chungcheongnam-do, Korea",True
"Samsung Electronics Co., Ltd.","318 Fang Zhou Road, Suzhou Industrial park, Suzhou, Jiangsu, China",True
"Samsung Electronics Co., Ltd.","12100 Samsung Blvd. (Cu FAB 3F), Austin, Texas, USA",True
"Samsung Electronics Co., Ltd.","No. 158 Baebang-Ro Baebang-eup, Asan, Chungcheongnam-do, Korea",True
"Samsung Electronics Co., Ltd.","1 Samsung-ro, Giheung-gu, Yongin, Gyeonggi-Do, Korea",True
"Samsung Electronics Co., Ltd.","San #16 Banwol-dong, Hwaseong, Gyeonggi-Do, Korea",True
"Samsung Electronics Co., Ltd.","No. 337 Felingli Street, Suzhou Industrial Park, Suzhou, Jiangsu, China",True
"Samsung Electronics Co., Ltd.","Yen Phong Industrial Zo Yen Trung commune, Yen Phong district, Bac Ninh, Vietnam",True
"Samsung SDI. Co., Ltd.","Hengkeng Management Area Liaobu Town, Dongguan, Guangdong, China",True
"Samsung SDI. Co., Ltd.","333 Noksansaneopjung Road, Kanggeo-gu, Busan, Korea",True
"Samsung SDI. Co., Ltd.","No. 1 Weisan Road, Micro-Electronics Industrial Park, Xiqing District, Tianjin, China",True
"Samsung SDI. Co., Ltd.","27 Heiniucheng Road, Tianjin, China",True
"Samsung SDI. Co., Ltd.","No. 1 Qingling Road, Yat-Sen, Scientific Industrial Park, Wuqing Development Zone, Tianjin, China",True
"Samsung SDI. Co., Ltd.","508 Seongseong-Dong, Seobuk-Gu, Cheon An, Chungcheongbuk-Do, Korea",True
Seagate Technology LLC,"90 Moo 9, Tampol Sungnoen, Sungnoen, Nakhon Ratchasima, Thailand",True
Seiko Advance Ltd.,"1575 Negane, Hasuda, Saitama, Japan",True
"Sekisui Chemical Co., Ltd.","No. 718 Guangzhong Road, Xinzhuang Industry Park, Minhang, Shanghai, China",True
"Seoul Semiconductor Co., Ltd.","1B-92 Lot, Wonsi-dong, Danwon-gu, Ansan, Gyeonggi-Do, Korea",True
Shandong Innovation Group,"East End of Huixian 4th Road, Gaoxin Subdistrict, ZouPing, Shandong, China",True
Shanghai Industrial Holdings Ltd.,"No. 88 Jinying Road, Zhao Town, Jintang County, Chengdu, Sichuan, China",True
Shanghai Industrial Holdings Ltd.,"No. 9 Taidong Road, Zhuhai Economic Park, Jiaonan District, Qingdao, Shandong, China",True
Shanghai Industrial Holdings Ltd.,"Qiaotou Village, Dalun Town, Jiangyan, Jiangsu, China",True
Shanghai Industrial Holdings Ltd.,"The Intersection Of Wenming Road and Zhujiang Road, Huaxian New District, Zhengzhou, Henan, China",True
Sharp Corp.,"646-7 Shiraki Isshiki, Seki-cho, Kameyama, Mie, Japan",True
Sharp Corp.,"No. 7 VSIP II, Street 7, Vietnam-Singapore Park II, Hoa Phu Ward, Ho Chi Minh, Binh Duong, Vietnam",True
Sharp Corp.,"464 Kohgawa, Shiraki-cho, Kameyama, Mie, Japan",True
Sharp Corp.,"No. 21 Zhujiang Road, Wuxi National High and New Tech Industrial Development Zone, Wuxi, Jiangsu, China",True
Sharp Corp.,"A2 Facility, B22 -A Land Plot, Wuxi National High and New Tech Industrial Development Zone, Wuxi, Jiangsu, China",True
"Shenzhen Desay Battery Technology Co., Ltd.","Huizhou Zhongkai Hightech Industrial Development Zone, Huizhou, Guangdong, China",True
"Shenzhen Desay Battery Technology Co., Ltd.","No. 6 Zhongkai Hightech Industrial Development Zone, Huizhou, Guangdong, China",True
"Shenzhen Fortunta Technology Co., Ltd.","NiuJiaoLong, TianRun Industrial Park, Zhangkengjing, Guanlan, Bao’an District, Shenzhen, Guangdong, China",True
"Shenzhen O-Film Tech Co., Ltd.","No. 7 Shenzhou Road, Science Park of GETDD, Guangzhou, Guangdong, China",True
"Shenzhen O-Film Tech Co., Ltd.","O-film Industrial Park, Rule lake Avenue, Linkong Economic Development Zone, NanChang, Jiangxi, China",True
"Shenzhen Sunway Communication Co., Ltd.","No. 1013 Xihuan Road, Shajing Town, Bao’an District, Shenzhen, Guangdong, China",True
"Shenzhen Sunway Communication Co., Ltd.","No. 14 Jinxiu Street, BDA, Beijing, China",True
"Shenzhen YUTO Packaging Technology Co., Ltd.","No. 682 ChongAn Road, Economic Development Zone, Chong Zhou City, Chengdu, Sichuan, China",True
"Shenzhen YUTO Packaging Technology Co., Ltd.","No. 1 Shihuan Road, Shuitian Industrial Area, Shilongzai, Shiyan Town, Shenzhen, Guangdong, China",True
"Shenzhen YUTO Packaging Technology Co., Ltd.","No. 468 LuChang Road, ShiPu District, QianDeng Town, Kunshan, Jiangsu, China",True
"Shenzhen YUTO Packaging Technology Co., Ltd.","Que Vo Industrial Park, Phuong Lieu Ward, Bac Ninh, Vietnam",True
"Shenzhen YUTO Packaging Technology Co., Ltd.","Industry Hatch Area, Zhongduan Industry Cluster District, Weiwu Road, Changge, Henan, China",True
"Shenzhen YUTO Packaging Technology Co., Ltd.","No. 190 Gongxiang Road, Qiandeng Town, Kunshan, Jiangsu, China",True
"Shenzhen YUTO Packaging Technology Co., Ltd.","No. 125 Lianhe Road, Qiandeng Town, Kunshan, Jiangsu, China",True
"Shenzhen YUTO Packaging Technology Co., Ltd.","Plot No. 56 &57 , Bommasandra-Jigani Link Road Induatrial Area, Bandenallasandra Village, Jigani Hobli, Anekal Taluk , Bangalore Urban District, Bangalore, Karnataka, India",True
"Shin Zu Shing Co., Ltd.","No. 174 Jyunying Street, Shulin District, Taipei, Taiwan",True
"Simplo Technology Co., Ltd.","No. 2 Dongnan Avenue, Changshu, Jiangsu, China",True
SK Hynix Inc.,"V2-4/02 Plot, Xiyong Comprehensive Bonded Area. B zone, Shapingba, Chongqing, China",True
SK Hynix Inc.,"215 Daesin-ro, Heungdeok-gu, Cheongju, Chungcheongbuk-Do, Korea Lot K7, Wuxi Export Processing Zone, Wuxi, Jiangsu, China",True
SK Hynix Inc.,"2091 Gyeongchung-daero, Bubal-eub, Icheon, Gyeonggi-Do, Korea",True
SK Hynix Inc.,"3 Bedok South Road, Singapore",True
Skyworks Solutions Inc.,"1006 Kadoma, Kadoma, Osaka, Japan",True
Skyworks Solutions Inc.,"1-2-150 Hirabayashi-Kita, Osaka, Japan",True
Skyworks Solutions Inc.,"2427 West Hillcrest Drive, Newbury Park, California, USA",True
Skyworks Solutions Inc.,"Calzada Gomez Morin 1690, Col. Rivera CP, Mexicali, Baja California, Mexico",True
Skyworks Solutions Inc.,"No. 6 Da-Li 1st Road, Tainan Science-Based Industrial Park, Hsin-shi, Tainan, Taiwan",True
Skyworks Solutions Inc.,"20 Sylvan Road, Woburn, Massachusetts, USA",True
Skyworks Solutions Inc.,"1-1 Yasuuchi, Yatsuo-Machi, Toyama, Japan",True
SMK Corp.,"1st East Turning, Zhenxing Road, Gaobu Town, Dongguan, Guangdong, China",True
SMK Corp.,"1-5 Floor, Section 3 Bldg 1, Honghualing Industrial South area,",True
SMK Corp.,"Xili Town, Nanshan District, Shenzhen, Guangdong, China",True
SMK Corp.,"20-9 Ishi, Juo-Cho, Hitachi, Ibaraki, Japan",True
"Solvay Specialty Polymers USA, LLC","17005 State Route 7, Marietta, Ohio, USA",True
"Solvay Specialty Polymers USA, LLC","Jiangsu High-Tech Fluorochemical Industrial Park, Haiyu Town, Changshu, Jiangsu, China",True
"Solvay Specialty Polymers USA, LLC","Industriepark de Bruwaan 9, 9700, Oudenaarde, Belgium",True
Sony Corp.,"1883-43 Tsukubamachi, Isahaya, Nagasaki, Japan",True
Sony Corp.,"1-11-73 Takarada, Tsuruoka, Yamagata, Japan",True
Sony Corp.,"5-1 Noguchi Kita, Kokubu, Kirishima-shi, Kagoshima, Japan",True
STMicroelectronics N.V.,"Industry Road, Kirkop, Malta",True
STMicroelectronics N.V.,"Via C. Olivetti 2, Agrate, Brianza, Italy",True
STMicroelectronics N.V.,"850 rue Jean Monnet, Crolles, France",True
STMicroelectronics N.V.,"190 Avenue Celestin Coq Zone Industrielle, Rousset, France",True
STMicroelectronics N.V.,"16 Tao Hua Road, Futian Free Trade Zone, Shenzhen, Guangdong, China",True
STMicroelectronics N.V.,"No. 9 Mountain Drive, Light Industry & Science Park II, La Mesa, Calamba, Laguna, Philippines",True
STMicroelectronics N.V.,"Industrial center Muar, Tanjong Agas Industrial Area PO Box 28, 84007, Muar, Johor, Malaysia",True
STMicroelectronics N.V.,"629 Lorong 4/6, Toa Payoh, Singapore",True
Stora Enso,"No. 1299 Feng’an Road, Qian’an, Hebei, China",True
Stora Enso,"LvHua North Road, DiYong Village, Gaobu Town, Dongguan, Guangdong, China",True
Stora Enso,"No. 28 Wuyi Road, Jiashan, Zhejiang, China",True
Sumida Corp.,"Tai Xin Road, Humen Town, Dongguan, Guangdong, China",True
Sumida Corp.,"Electronic Information Industrial Pioneer Park, Deshan Economic Development District, changde, Hunan, China",True
"Sumitomo Chemical Co., Ltd.","1-1 Ooe, Niihama, Ehime, Japan",True
"Sumitomo Chemical Co., Ltd.","61 Xinmei Road, Bin Hu Qu, Wuxi, Jiangsu, China",True
Sumitomo Electric Industries Ltd.,"C-6 Thsnh Long Industrial Park, Dong Anh District, Hanoi, Vietnam",True
Sumitomo Electric Industries Ltd.,"Light Industry & Science Park, 1 Special Export Processing Zone, Bo. Diezmo., Cabuyao, Laguna, Philippines",True
Sumitomo Electric Industries Ltd.,"Bldg B, No. 20 Song Tang Road, Tong Fu Yu Industrial Area, Tang Xia Chong, Songgang, Bao’an, Shenzhen, Guangdong, China",True
Sumitomo Electric Industries Ltd.,"30 Hinokigaoka, Minakuchi-Cho, Kouga-shi, Shiga, Japan",True
"Sunonwealth Electric Machine Industry Co., Ltd.","168 Nanbang Road, Kunshan, Jiangsu, China",True
Sunrex Technology Corp.,"No. 508 Guo Dao Road, Fenhu Economic Development Zone, Luxu Town, Wujiang, Jiangsu, China",True
"Sunwoda Electronics Co., Ltd.","No. 2 Yihe Road, Shilong Community, Shiyan Street, Bao’an District, Shenzhen, Guangdong, China",True
"Suzhou Anjie Technology Co., Ltd.","No. 8 Fujin Road, Guangfu Town, Wuzhong District, Suzhou, Jiangsu, China",True
"Suzhou Dongshan Precision Manufacturing Co., Ltd.","No. 88 Tang Dong Road, South Yin Zhong Road, River Eastern Industrial Park, Wuzhong Economic Development Zone, Suzhou, Jiangsu, China",True
"Suzhou Dongshan Precision Manufacturing Co., Ltd.","No. 68 Nanhu Road, Dongwu Industrial Park, Wuzhong Economic Development Zone, Suzhou, Jiangsu, China",True
"Suzhou Dongshan Precision Manufacturing Co., Ltd.","No. 328 Suwang Road, Wuzhong District, Suzhou, Jiangsu, China",True
"Suzhou Dongshan Precision Manufacturing Co., Ltd.","No. 3019 Haizang West Road, Luzhi Town, Wuzhong District, Suzhou, Jiangsu, China",True
"Suzhou Zhongjiemai Panel Industry Technology Co., Ltd.","No. 2006 East Taihu Road, Hengjing Street, WuZhong District, Suzhou, Jiangsu, China",True
Swiftronic Holding Pte. Ltd.,"Yi He Road, No. 2 Shi Yan Street, Bao’an, Shenzhen, Guangdong, China",True
Swiftronic Holding Pte. Ltd.,"D Building, No. 875 Qiuxing Road, NiCheng Industrial Park, LinGang, Puding, Shanghai, China",True
"Taishan City Kam Kiu Aluminium Extrusion Co., Ltd.","Shiqiao Industrial zone, Dajiang Town, Taishan, Guangdong, China",True
"Taiwan Hodaka Technology Co., Ltd.","No. 2, Huandong Road, Sec. 1, Sinshih District, Tainan, Taiwan",True
"Taiwan Semiconductor Manufacturing Co., Ltd. (TSMC)","5509 NW Parker Street, Camas, Washington, USA",True
"Taiwan Semiconductor Manufacturing Co., Ltd. (TSMC)","Fab 12, No. 8, Li-Hsin Road VI, Hsinchu Science Park, Hsinchu, Taiwan",True
"Taiwan Semiconductor Manufacturing Co., Ltd. (TSMC)","No. 1 Keya 6th Road, Taichung, Taiwan",True
"Taiwan Semiconductor Manufacturing Co., Ltd. (TSMC)","No. 121 Park Avenue III, Hsinchu Science Park, Hsinchu, Taiwan",True
"Taiwan Semiconductor Manufacturing Co., Ltd. (TSMC)","No. 1 Nan-Ke North Road, Tainan Science Park, Tainan, Taiwan",True
"Taiwan Semiconductor Manufacturing Co., Ltd. (TSMC)","101 Longyuan 6th Road, Longtan Dist, Taoyuan, Taiwan",True
"Taiwan Semiconductor Manufacturing Co., Ltd. (TSMC)","1-1 Nan-Ke North Road, Tainan Science Park, Tainan, Taiwan",True
"Taiwan Semiconductor Manufacturing Co., Ltd. (TSMC)","168 Park Avenue II, Hsinchu Science Park, Hsinchu, Taiwan",True
"Taiyo Yuden Co., Ltd.","4026-22 Inanbar, Inami-cho, Hidaka-gun, Wakayama, Japan",True
"Taiyo Yuden Co., Ltd.","197-8 Kamiyoshi, Kubiki-ku, Joetsu, Niigata, Japan",True
"Taiyo Yuden Co., Ltd.","Mactan Economic Zone, Lapulapu, Cebu, Philippines",True
"Taiyo Yuden Co., Ltd.","1988 Nakanojo, Nakanojo-machi, Agatsuma-gun, Gunma, Japan",True
"Taiyo Yuden Co., Ltd.","1796-1 Kawai, Tamamura-machi, Sawa-gun, Gunma, Japan",True
"Taiyo Yuden Co., Ltd.","116 Bangji-Ri Sanam-Myun, Sachon, Gyeongsangnam-do, Korea",True
"Taiyo Yuden Co., Ltd.","No. 13 Keji Dong Road, Shi Jie Town, Dongguan, Guangdong, China",True
"Taiyo Yuden Co., Ltd.","Lot 977, Block 12, Sama Jaya Free Industrial Zone, Kuching, Sarawak, Malaysia",True
"Taiyo Yuden Co., Ltd.","1-1 Chikumazawahigashi, Miyoshi-machi, Iruma-gun, Saitama, Japan",True
"Taiyo Yuden Co., Ltd.","43-1 Yawatabara-machi, Takasaki, Gunma, Japan",True
"Taiyo Yuden Co., Ltd.","6-16-3 Shinmachi, Ome-shi, Tokyo, Japan",True
TDK Corp.,"1F, 9 Prosperity 1st Road, Hsinchu, Taiwan",True
TDK Corp.,"1 West Industrial Road, North Industrial Park, SongShan Lake, Dongguan, Guangdong, China",True
TDK Corp.,"No. 1 XingGang Road, ZhangWan Town, Ningde, Fujian, China",True
TDK Corp.,"689 Zhen An Road, Conrad Hi-Tech Park, Changan Town, Dongguan, Guangdong, China",True
TDK Corp.,"130 Aza Juninomae, Konoura, Nikaho, Akita, Japan",True
TDK Corp.,"99-19 Aza-Meiji, Oaza-Miyaumi, Sakata, Yamagata, Japan",True
TDK Corp.,"146-1 Haraikawa, Ohuchi-Sankawa, Yurihonjo, Akita, Japan",True
TDK Corp.,"97 Aza Aburada, Yamada, Tsuruoka, Yamagata, Japan",True
TDK Corp.,"No. 16 Tonghe Rd, Pingdu City, Qingdao, Shandong, China",True
TDK Corp.,"No. 68 West Huaihe Road, Dalian Economic & Technical Development Zone, Dalian, Liaoning, China",True
TDK Corp.,"No. 321-339 Tongi South Road, Jimei District, Xiamen, Fujian, China",True
TDK Corp.,"160 Miyazawa, Minami Alps, Yamanashi, Japan",True
TDK Corp.,"106-163, 2 Goto, Waga-machi, Kitakami, Iwate, Japan",True
TDK Corp.,"1-6 Manganji, Yurihonjo-city, Yurihonjo, Akita, Japan",True
TDK Corp.,"Lianfeng Lu, Free Trade Zone, Zhuhai, Guangdong, China",True
TDK Corp.,"2435 Alpine Road, Eau Claire, Wisconsin, USA",True
Texas Instruments Inc.,"2 Takaku-Kogyodanchi, Aizuwakamatsu, Fukushima, Japan",True
Texas Instruments Inc.,"Haggertystrasse 1, Freising, Bavaria, Germany",True
Texas Instruments Inc.,"2350 Kihara Miho-mura, Inashiki-gun, , Miho, Ibaraki, Japan",True
Texas Instruments Inc.,"3601 Alma Road, Richardson, Texas, USA",True
Texas Instruments Inc.,"13353 TI Blvd. Dock 3, Dallas, Texas, USA",True
Texas Instruments Inc.,"13353 TI Blvd. Dock 7, Dallas, Texas, USA",True
Texas Instruments Inc.,"Clark Freeport Zone, Gil Puyat Avenue, Angeles, Pampanga, Philippines",True
The Chemours Company,"Route 130, Salem, New Jersey, USA",True
The Chemours Company,"Baanhoekweg 22, Dordrecht, Netherlands",True
The Chemours Company,"1201 Olmstead Lane, Cortland, Ohio, USA",True
The Chemours Company,"7685 Kiln-DeLisle Road, Pass Christian, Massachusetts, USA",True
The Chemours Company,"DuPont Road, New Johnsonville, Tennessee, USA",True
ThreeBond Group,"1252-1 Hattori, Osafune-cho, Setouchi, Okayama, Japan",True
ThreeBond Group,"1-1 Oyama-cho, Midori-ku, Sagamihara, Kanagawa, Japan",True
TLG Investment (Hk) Ltd.,"No. 128 Xue Dian North Road, Wuxi, Jiangsu, China",True
TLG Investment (Hk) Ltd.,"Plant 1-3 , No. 15 Lijiang Road, Wuxi New District, Wuxi, Jiangsu, China",True
TLG Investment (Hk) Ltd.,"10th Jingba Road, Economic Development Zone, Dong Tai, Jiangsu, China",True
TLG Investment (Hk) Ltd.,"No. 8 (6-10) Changping Road, Huangdai Town, Xiangcheng District, Suzhou, Jiangsu, China",True
TLG Investment (Hk) Ltd.,"Building A, FengMenAo Technology Park, FengMen Road, BanTian, LongGang District, Shenzhen, Guangdong, China",True
TLG Investment (Hk) Ltd.,"No. 2 Yuyuan Road No. 1, Yuyuan Indusctrial Park, Huang Jiang, Dongguan, Guangdong, China",True
TLG Investment (Hk) Ltd.,"No. 529 Siwei Road Economic Development Zone Chongzhou, Chengdu, Sichuan, China",True
TLG Investment (Hk) Ltd.,"No. 2988 Taidong Road, Huangdai Town, Xiangcheng District, Suzhou, Jiangsu, China",True
TLG Investment (Hk) Ltd.,"Songgang Songfu Road, Manhole District, Sha Pu Wei Stone Leading East Park, Shenzhen, Guangdong, China",True
Toda Kogyo Corp.,"Hengdian Industrial Area Dongyang, China, Dongyang, Zhejiang, China",True
Toda Kogyo Corp.,"1-4 Meiji-Shingai, Otake, Hiroshima, Japan",True
Toray International Inc.,"1-1 Sonoyama 1-chome, Otsu, Shiga, Japan",True
Toray International Inc.,"900-1, Oaza-Yasutsugu, Godo-cho, Anpachi Gun, Gifu, Japan",True
Toray International Inc.,"4845 Mishima, Mishima, Shizuoka, Japan",True
Toray International Inc.,"No. 19 Chen Jiang Avenue (South), Chen Jiang Street, Huizhou, Guangdong, China",True
Toshiba Corp.,"760, Oaza Kutsugawa, Buzen, Fukuoka, Japan",True
Toshiba Corp.,"1-1 Iwauchi-machi, Nomi, Ishikawa, Japan",True
Toshiba Corp.,"300 Ikaruga, Taishi-cho, Ibo-Gun, Hyogo, Japan",True
Toshiba Corp.,"3500 Oaza Matsuoka, Oita, Japan",True
Toshiba Corp.,"800 Yamonoisshiki-Cho, Yokkaichi, Mie, Japan",True
"Toyo Rikagaku Kenkyusho Co., Ltd.","777 Honghu Road, Kunshan Economic & Technical Development Zone, Kunshan, Jiangsu, China",True
"Toyo Rikagaku Kenkyusho Co., Ltd.","No. 188 Gao Ding Road., Kunshan Economic & Technical Development Zone, Kunshan, Jiangsu, China",True
"Toyo Rikagaku Kenkyusho Co., Ltd.","No. 1448 Honghu Road, KunShan Economic & Technical Development Zone, Kunshan, Jiangsu, China",True
"Toyoda Gosei Co., Ltd.","710 Origuchi, Shimomiyake, Heiwa, Inazawa, Aichi, Japan",True
"Toyoda Gosei Co., Ltd.","9966-9 Kawako, Oaza, Wakaki-cho, Takeo, Saga, Japan",True
"Toyoda Gosei Co., Ltd.","5-1 Yawata Kaigan-dori, Ichihara, Chiba, Japan",True
"TPK Holding Co., Ltd.","No. 199 Ban Shang Road, Information & Photoelectricity Park of Xiamen Torch Hi-Tech Industrial Development Zone, Xiamen, Fujian, China",True
Trinseo LLC,"No. 17 Renjen Road, Hsinchu Ind. Park, Hukou, Hsinchu, Taiwan",True
Triotek Technology Inc.,"No. 5 Huanshi North Road, Tangxia Town, Dongguan, Guangdong, China",True
Tripod Technology Corp.,"No. 68 East 3rd FuRong Road, Development Zone, Xishan District, Wuxi, Jiangsu, China",True
Tripod Technology Corp.,"No. 21 Kung-yeh 5th Road, Ping-jen Industrial Park, Ping-jen City, Taoyuan, Taiwan",True
"Tsujiden Co., Ltd.","1313-168 Masuragaharamachi, Omura, Nagasaki, Japan",True
"Tsujiden Co., Ltd.","57-23 Azagomajiri, Hattandago, Higashisonogi, Nagasaki, Japan",True
TTM Technologies Inc.,"No. 238, Shanhu Road, Niushan Foreign Economy Industrial Zone, Dongcheng District, Dongguan, Guangdong, China",True
TTM Technologies Inc.,"No. 1 Xinle Road, Science City, Hi-Tech Industrial Development Zone, Guangzhou, Guangdong, China",True
TTM Technologies Inc.,"No. 200 Jiang Tian Dong Road East, Song Jiang Industrial Zone, Shanghai, China",True
TTM Technologies Inc.,"No. 685 Lian Yang Road, SongJiang Industrial Zone, Shanghai, China",True
UACJ Corp.,"3-1-12 Chitose Minato-ku, Nagoya, Aichi, Japan",True
UACJ Corp.,"No. 99 Shaojing Road, Kunshan Economical Technology Development Zone, Kunshan, Jiangsu, China",True
Unimicron Technology Corp.,"No. 177 Shan Ying Road, Kwei Shan Industrial Park, Taoyuan, Taiwan",True
Unimicron Technology Corp.,"No. 160 Fengli Street, Suzhou Ind. Park, Suzhou, Jiangsu, China",True
Unimicron Technology Corp.,"573-19 Toiso, Eniwa, Hokkaido, Japan",True
Unimicron Technology Corp.,"No. 38 Xingbang Road, Guishan Industrial Park, Taoyuan, Taiwan",True
Unimicron Technology Corp.,"No. 21 Lane 470, Sec.2, Nanshan Road, LuChu Township, Taoyuan, Taiwan",True
Unisteel Technology Ltd.,"No. 358 Fengmao Road, Malu Town, Jiading District, Shanghai, China",True
Unisteel Technology Ltd.,"No. 988 Shang Xue Road, Malu Town, Jia Ding District, Shanghai, China",True
Unitech Printed Circuit Board Corp.,"No. 3 Lane 4, Chung-Shan Road, Tu-Cheng City, Taipei, Taiwan",True
Unitech Printed Circuit Board Corp.,"No. 36, Dingping Road, Su’ao Township, Yilan, Taiwan",True
Vishay Intertechnology Inc.,"46 Renmin 4 Road, Danshui Town, Huizhou, Guangdong, China",True
Vishay Intertechnology Inc.,"1122 23rd Street, Columbus, Nebraska, USA",True
Vishay Intertechnology Inc.,"Av De La S Torres No. 1950, Ciudad Juarez, Chihuahua, Mexico",True
Vishay Intertechnology Inc.,"Dr. Felix Zandman Platz 1, Selb, Germany",True
Vishay Intertechnology Inc.,"No. 88, 6th Avenue, Tianjin Economic Zone, Tianjin, China",True
Vishay Intertechnology Inc.,"233 Pao Chiao Road Hsintien, Taipei, Taiwan",True
Vishay Intertechnology Inc.,"Dimona Industrial Park, Dimona, Israel",True
Vishay Intertechnology Inc.,"Ha-Kotzer 3 ST, Beer Sheva, Israel",True
Vishay Intertechnology Inc.,"20 Xinxi Avenue, Xi’an, Shanxi, China",True
Vishay Intertechnology Inc.,"FTI Estate Bagsaka Road Taguig, Manila, Metro Manila, Philippines",True
Vishay Intertechnology Inc.,"Fraunhoferstr. 1, Itzehoe, Germany",True
Vishay Intertechnology Inc.,"No. 1710-1 Kawasan Perindustrian Krubong, Melaka, Malaysia",True
Vishay Intertechnology Inc.,"No. 58 Chang Xu Road, Jiading (Outside North Gate of Jading), Shanghai, China",True
Vishay Intertechnology Inc.,"Theresienstrasse 2, Heilbronn, Germany",True
Volex Plc.,"No. 1173 Shenhui Road, Henggang, Shenzhen, Guangdong, China",True
Western Digital Corp.,"No. 388 East Jiang Chuan Road, Minhang District, Shanghai, China",True
Western Digital Corp.,"No. 1 Jinxiu Road West, Shenzhen Export Processing Zone, Pingshan District., Shenzhen, Guangdong, China",True
Western Digital Corp.,"203, 205 Moo 7, Tumbon Tha Tum, Amphur Srimahaphote, Prachin Buri, Thailand",True
Wickeder Group,"Hauptstraße 6, Wickede (Ruhr), North Rhine-Westphalia, Germany",True
Wickeder Group,"39 Perry Avenue, Attleboro, Massachusetts, USA",True
Wistron Corp.,"No. 168 First Avenue, Kunshan Export Processing Zone, Kunshan, Jiangsu, China",True
Wistron Corp.,"Xiyiwei, Ma’an Cun, Zhongshan Torch Development Zone, Zhongshan, Guangdong, China",True
Wistron Corp.,"No. 38, Keji East Road, Zhongshan Torch Development Zone, Zhongshan, Guangdong, China",True
Wistron Corp.,"No. 92 & 93 Industrial Suburb II Stage, Yeshwanthpur, Bangalore, Karnataka, India",True
Wistron Corp.,"No. 30 A, 2nd Phase, Peenya Industrial Area, ABB Circle, Chokkasandra, Bangalore, Karnataka, India",True
Yageo Corp.,"No. 10 Zhu Yuan Roa., Suzhou New District, Suzhou, Jiangsu, China",True
Yageo Corp.,"No. 701 Gaoli Road, Gaoli Industrial Zone, Tangxia Town, Dongguan, Guangdong, China",True
Yageo Corp.,"No. 291, Zhongzheng Road, Dashe District, Kaohsiung, Taiwan",True
Yageo Corp.,"No. 350 Zhongzheng Road, Dashe District, Kaohsiung, Taiwan",True
Ying Shing Enterprises Ltd.,"No. 1-2 Production Buildings, Yan Fa Building, No. 88, The 9th Technology Road, High-tech Zone, Zhuhai, Guangdong, China",True
Zeniya Aluminum Engineering Ltd.,"Block B, No. 2 Industry 5th Road, Jiangbian, Songgang Community, Bao’an District, Shenzhen, Guangdong, China",True
Zeniya Aluminum Engineering Ltd.,"No. 130 Bubugao Road, Wusha Jiangbei Village, Changan Town, Dongguan, Guangdong, China",True
Zeniya Aluminum Engineering Ltd.,"No. 888 Bubugao Road, Wusha Jiangbei Village, Changan Town, Dongguan, Guangdong, China",True
Zeniya Aluminum Engineering Ltd.,"No. 307 Bubugao Road, Wusha Jiangbei Village, Changan Town, Dongguan, Guangdong, China",True
Advanced Micro Devices Inc.,"2485 Augustine Drive, Santa Clara, California, USA",False
Cirrus Logic Inc.,"800 W 6th Street, Austin, Texas, USA",False
Dialog Semiconductor GmbH,"Neue Street 95, Baden-Wuerttemberg, Germany",False
OmniVision Technologies Inc.,"4275 Burton Drive, Santa Clara, California, USA",False
Parade Technologies Ltd.,"2858 De La Cruz Blvd., Santa Clara, California, USA",False
SiTime Corp.,"5451 Patrick Henry Drive, Santa Clara, California, USA",False
Synaptics Inc.,"1251 Mckay Drive, San Jose, California, USA",False
"Silicon Works Co., Ltd.","104-13 Moonji-Dong, Daejeon, Korea",False